Total Nacional;Comunidades y Ciudades Autónomas;Provincias;Islas;Indicadores de renta media;Periodo;Total
Total Nacional;Andalucía;Almería;;Renta neta media por persona;2023;11.543
Total Nacional;Andalucía;Almería;;Renta neta media por persona;2022;10.605
Total Nacional;Andalucía;Almería;;Renta neta media por persona;2021;10.103
Total Nacional;Andalucía;Almería;;Renta neta media por persona;2020;9.709
Total Nacional;Andalucía;Almería;;Renta neta media por persona;2019;9.436
Total Nacional;Andalucía;Almería;;Renta neta media por persona;2018;9.072
Total Nacional;Andalucía;Almería;;Renta neta media por persona;2017;8.569
Total Nacional;Andalucía;Almería;;Renta neta media por persona;2016;8.207
Total Nacional;Andalucía;Almería;;Renta neta media por hogar;2023;30.936
Total Nacional;Andalucía;Almería;;Renta neta media por hogar;2022;28.442
Total Nacional;Andalucía;Almería;;Renta neta media por hogar;2021;27.184
Total Nacional;Andalucía;Almería;;Renta neta media por hogar;2020;26.276
Total Nacional;Andalucía;Almería;;Renta neta media por hogar;2019;25.698
Total Nacional;Andalucía;Almería;;Renta neta media por hogar;2018;24.714
Total Nacional;Andalucía;Almería;;Renta neta media por hogar;2017;23.399
Total Nacional;Andalucía;Almería;;Renta neta media por hogar;2016;22.666
Total Nacional;Andalucía;Cádiz;;Renta neta media por persona;2023;12.335
Total Nacional;Andalucía;Cádiz;;Renta neta media por persona;2022;11.396
Total Nacional;Andalucía;Cádiz;;Renta neta media por persona;2021;10.712
Total Nacional;Andalucía;Cádiz;;Renta neta media por persona;2020;10.113
Total Nacional;Andalucía;Cádiz;;Renta neta media por persona;2019;10.055
Total Nacional;Andalucía;Cádiz;;Renta neta media por persona;2018;9.509
Total Nacional;Andalucía;Cádiz;;Renta neta media por persona;2017;9.028
Total Nacional;Andalucía;Cádiz;;Renta neta media por persona;2016;8.696
Total Nacional;Andalucía;Cádiz;;Renta neta media por hogar;2023;32.323
Total Nacional;Andalucía;Cádiz;;Renta neta media por hogar;2022;30.055
Total Nacional;Andalucía;Cádiz;;Renta neta media por hogar;2021;28.501
Total Nacional;Andalucía;Cádiz;;Renta neta media por hogar;2020;27.179
Total Nacional;Andalucía;Cádiz;;Renta neta media por hogar;2019;27.243
Total Nacional;Andalucía;Cádiz;;Renta neta media por hogar;2018;25.905
Total Nacional;Andalucía;Cádiz;;Renta neta media por hogar;2017;24.777
Total Nacional;Andalucía;Cádiz;;Renta neta media por hogar;2016;24.044
Total Nacional;Andalucía;Córdoba;;Renta neta media por persona;2023;12.386
Total Nacional;Andalucía;Córdoba;;Renta neta media por persona;2022;11.569
Total Nacional;Andalucía;Córdoba;;Renta neta media por persona;2021;10.979
Total Nacional;Andalucía;Córdoba;;Renta neta media por persona;2020;10.314
Total Nacional;Andalucía;Córdoba;;Renta neta media por persona;2019;10.182
Total Nacional;Andalucía;Córdoba;;Renta neta media por persona;2018;9.710
Total Nacional;Andalucía;Córdoba;;Renta neta media por persona;2017;9.290
Total Nacional;Andalucía;Córdoba;;Renta neta media por persona;2016;8.892
Total Nacional;Andalucía;Córdoba;;Renta neta media por hogar;2023;30.917
Total Nacional;Andalucía;Córdoba;;Renta neta media por hogar;2022;29.082
Total Nacional;Andalucía;Córdoba;;Renta neta media por hogar;2021;27.909
Total Nacional;Andalucía;Córdoba;;Renta neta media por hogar;2020;26.462
Total Nacional;Andalucía;Córdoba;;Renta neta media por hogar;2019;26.299
Total Nacional;Andalucía;Córdoba;;Renta neta media por hogar;2018;25.246
Total Nacional;Andalucía;Córdoba;;Renta neta media por hogar;2017;24.379
Total Nacional;Andalucía;Córdoba;;Renta neta media por hogar;2016;23.541
Total Nacional;Andalucía;Granada;;Renta neta media por persona;2023;12.709
Total Nacional;Andalucía;Granada;;Renta neta media por persona;2022;11.754
Total Nacional;Andalucía;Granada;;Renta neta media por persona;2021;11.100
Total Nacional;Andalucía;Granada;;Renta neta media por persona;2020;10.463
Total Nacional;Andalucía;Granada;;Renta neta media por persona;2019;10.380
Total Nacional;Andalucía;Granada;;Renta neta media por persona;2018;9.885
Total Nacional;Andalucía;Granada;;Renta neta media por persona;2017;9.440
Total Nacional;Andalucía;Granada;;Renta neta media por persona;2016;9.090
Total Nacional;Andalucía;Granada;;Renta neta media por hogar;2023;31.314
Total Nacional;Andalucía;Granada;;Renta neta media por hogar;2022;29.113
Total Nacional;Andalucía;Granada;;Renta neta media por hogar;2021;27.748
Total Nacional;Andalucía;Granada;;Renta neta media por hogar;2020;26.373
Total Nacional;Andalucía;Granada;;Renta neta media por hogar;2019;26.342
Total Nacional;Andalucía;Granada;;Renta neta media por hogar;2018;25.190
Total Nacional;Andalucía;Granada;;Renta neta media por hogar;2017;24.216
Total Nacional;Andalucía;Granada;;Renta neta media por hogar;2016;23.542
Total Nacional;Andalucía;Huelva;;Renta neta media por persona;2023;12.008
Total Nacional;Andalucía;Huelva;;Renta neta media por persona;2022;11.199
Total Nacional;Andalucía;Huelva;;Renta neta media por persona;2021;10.609
Total Nacional;Andalucía;Huelva;;Renta neta media por persona;2020;10.112
Total Nacional;Andalucía;Huelva;;Renta neta media por persona;2019;9.958
Total Nacional;Andalucía;Huelva;;Renta neta media por persona;2018;9.416
Total Nacional;Andalucía;Huelva;;Renta neta media por persona;2017;8.948
Total Nacional;Andalucía;Huelva;;Renta neta media por persona;2016;8.585
Total Nacional;Andalucía;Huelva;;Renta neta media por hogar;2023;31.066
Total Nacional;Andalucía;Huelva;;Renta neta media por hogar;2022;29.133
Total Nacional;Andalucía;Huelva;;Renta neta media por hogar;2021;27.770
Total Nacional;Andalucía;Huelva;;Renta neta media por hogar;2020;26.542
Total Nacional;Andalucía;Huelva;;Renta neta media por hogar;2019;26.398
Total Nacional;Andalucía;Huelva;;Renta neta media por hogar;2018;25.082
Total Nacional;Andalucía;Huelva;;Renta neta media por hogar;2017;23.936
Total Nacional;Andalucía;Huelva;;Renta neta media por hogar;2016;23.173
Total Nacional;Andalucía;Jaén;;Renta neta media por persona;2023;11.847
Total Nacional;Andalucía;Jaén;;Renta neta media por persona;2022;11.074
Total Nacional;Andalucía;Jaén;;Renta neta media por persona;2021;10.689
Total Nacional;Andalucía;Jaén;;Renta neta media por persona;2020;9.958
Total Nacional;Andalucía;Jaén;;Renta neta media por persona;2019;9.758
Total Nacional;Andalucía;Jaén;;Renta neta media por persona;2018;9.417
Total Nacional;Andalucía;Jaén;;Renta neta media por persona;2017;9.044
Total Nacional;Andalucía;Jaén;;Renta neta media por persona;2016;8.747
Total Nacional;Andalucía;Jaén;;Renta neta media por hogar;2023;29.119
Total Nacional;Andalucía;Jaén;;Renta neta media por hogar;2022;27.429
Total Nacional;Andalucía;Jaén;;Renta neta media por hogar;2021;26.808
Total Nacional;Andalucía;Jaén;;Renta neta media por hogar;2020;25.141
Total Nacional;Andalucía;Jaén;;Renta neta media por hogar;2019;24.865
Total Nacional;Andalucía;Jaén;;Renta neta media por hogar;2018;24.160
Total Nacional;Andalucía;Jaén;;Renta neta media por hogar;2017;23.408
Total Nacional;Andalucía;Jaén;;Renta neta media por hogar;2016;22.752
Total Nacional;Andalucía;Málaga;;Renta neta media por persona;2023;12.950
Total Nacional;Andalucía;Málaga;;Renta neta media por persona;2022;11.744
Total Nacional;Andalucía;Málaga;;Renta neta media por persona;2021;10.929
Total Nacional;Andalucía;Málaga;;Renta neta media por persona;2020;10.261
Total Nacional;Andalucía;Málaga;;Renta neta media por persona;2019;10.338
Total Nacional;Andalucía;Málaga;;Renta neta media por persona;2018;9.832
Total Nacional;Andalucía;Málaga;;Renta neta media por persona;2017;9.313
Total Nacional;Andalucía;Málaga;;Renta neta media por persona;2016;8.854
Total Nacional;Andalucía;Málaga;;Renta neta media por hogar;2023;33.868
Total Nacional;Andalucía;Málaga;;Renta neta media por hogar;2022;30.644
Total Nacional;Andalucía;Málaga;;Renta neta media por hogar;2021;28.574
Total Nacional;Andalucía;Málaga;;Renta neta media por hogar;2020;27.084
Total Nacional;Andalucía;Málaga;;Renta neta media por hogar;2019;27.439
Total Nacional;Andalucía;Málaga;;Renta neta media por hogar;2018;26.076
Total Nacional;Andalucía;Málaga;;Renta neta media por hogar;2017;24.743
Total Nacional;Andalucía;Málaga;;Renta neta media por hogar;2016;23.736
Total Nacional;Andalucía;Sevilla;;Renta neta media por persona;2023;12.964
Total Nacional;Andalucía;Sevilla;;Renta neta media por persona;2022;12.013
Total Nacional;Andalucía;Sevilla;;Renta neta media por persona;2021;11.292
Total Nacional;Andalucía;Sevilla;;Renta neta media por persona;2020;10.717
Total Nacional;Andalucía;Sevilla;;Renta neta media por persona;2019;10.604
Total Nacional;Andalucía;Sevilla;;Renta neta media por persona;2018;10.083
Total Nacional;Andalucía;Sevilla;;Renta neta media por persona;2017;9.584
Total Nacional;Andalucía;Sevilla;;Renta neta media por persona;2016;9.272
Total Nacional;Andalucía;Sevilla;;Renta neta media por hogar;2023;34.269
Total Nacional;Andalucía;Sevilla;;Renta neta media por hogar;2022;31.899
Total Nacional;Andalucía;Sevilla;;Renta neta media por hogar;2021;30.254
Total Nacional;Andalucía;Sevilla;;Renta neta media por hogar;2020;28.912
Total Nacional;Andalucía;Sevilla;;Renta neta media por hogar;2019;28.874
Total Nacional;Andalucía;Sevilla;;Renta neta media por hogar;2018;27.535
Total Nacional;Andalucía;Sevilla;;Renta neta media por hogar;2017;26.334
Total Nacional;Andalucía;Sevilla;;Renta neta media por hogar;2016;25.670
Total Nacional;Aragón;Huesca;;Renta neta media por persona;2023;15.140
Total Nacional;Aragón;Huesca;;Renta neta media por persona;2022;14.252
Total Nacional;Aragón;Huesca;;Renta neta media por persona;2021;13.679
Total Nacional;Aragón;Huesca;;Renta neta media por persona;2020;13.158
Total Nacional;Aragón;Huesca;;Renta neta media por persona;2019;12.949
Total Nacional;Aragón;Huesca;;Renta neta media por persona;2018;12.513
Total Nacional;Aragón;Huesca;;Renta neta media por persona;2017;11.954
Total Nacional;Aragón;Huesca;;Renta neta media por persona;2016;11.478
Total Nacional;Aragón;Huesca;;Renta neta media por hogar;2023;37.009
Total Nacional;Aragón;Huesca;;Renta neta media por hogar;2022;34.901
Total Nacional;Aragón;Huesca;;Renta neta media por hogar;2021;33.603
Total Nacional;Aragón;Huesca;;Renta neta media por hogar;2020;32.521
Total Nacional;Aragón;Huesca;;Renta neta media por hogar;2019;32.176
Total Nacional;Aragón;Huesca;;Renta neta media por hogar;2018;31.084
Total Nacional;Aragón;Huesca;;Renta neta media por hogar;2017;29.793
Total Nacional;Aragón;Huesca;;Renta neta media por hogar;2016;28.955
Total Nacional;Aragón;Teruel;;Renta neta media por persona;2023;14.573
Total Nacional;Aragón;Teruel;;Renta neta media por persona;2022;13.736
Total Nacional;Aragón;Teruel;;Renta neta media por persona;2021;13.134
Total Nacional;Aragón;Teruel;;Renta neta media por persona;2020;12.656
Total Nacional;Aragón;Teruel;;Renta neta media por persona;2019;12.461
Total Nacional;Aragón;Teruel;;Renta neta media por persona;2018;11.991
Total Nacional;Aragón;Teruel;;Renta neta media por persona;2017;11.432
Total Nacional;Aragón;Teruel;;Renta neta media por persona;2016;11.126
Total Nacional;Aragón;Teruel;;Renta neta media por hogar;2023;34.725
Total Nacional;Aragón;Teruel;;Renta neta media por hogar;2022;32.889
Total Nacional;Aragón;Teruel;;Renta neta media por hogar;2021;31.658
Total Nacional;Aragón;Teruel;;Renta neta media por hogar;2020;30.672
Total Nacional;Aragón;Teruel;;Renta neta media por hogar;2019;30.351
Total Nacional;Aragón;Teruel;;Renta neta media por hogar;2018;29.278
Total Nacional;Aragón;Teruel;;Renta neta media por hogar;2017;28.105
Total Nacional;Aragón;Teruel;;Renta neta media por hogar;2016;27.545
Total Nacional;Aragón;Zaragoza;;Renta neta media por persona;2023;15.650
Total Nacional;Aragón;Zaragoza;;Renta neta media por persona;2022;14.750
Total Nacional;Aragón;Zaragoza;;Renta neta media por persona;2021;14.087
Total Nacional;Aragón;Zaragoza;;Renta neta media por persona;2020;13.637
Total Nacional;Aragón;Zaragoza;;Renta neta media por persona;2019;13.516
Total Nacional;Aragón;Zaragoza;;Renta neta media por persona;2018;13.063
Total Nacional;Aragón;Zaragoza;;Renta neta media por persona;2017;12.592
Total Nacional;Aragón;Zaragoza;;Renta neta media por persona;2016;12.008
Total Nacional;Aragón;Zaragoza;;Renta neta media por hogar;2023;38.230
Total Nacional;Aragón;Zaragoza;;Renta neta media por hogar;2022;36.098
Total Nacional;Aragón;Zaragoza;;Renta neta media por hogar;2021;34.492
Total Nacional;Aragón;Zaragoza;;Renta neta media por hogar;2020;33.654
Total Nacional;Aragón;Zaragoza;;Renta neta media por hogar;2019;33.505
Total Nacional;Aragón;Zaragoza;;Renta neta media por hogar;2018;32.328
Total Nacional;Aragón;Zaragoza;;Renta neta media por hogar;2017;31.268
Total Nacional;Aragón;Zaragoza;;Renta neta media por hogar;2016;30.586
Total Nacional;Asturias, Principado de;Asturias;;Renta neta media por persona;2023;15.784
Total Nacional;Asturias, Principado de;Asturias;;Renta neta media por persona;2022;14.842
Total Nacional;Asturias, Principado de;Asturias;;Renta neta media por persona;2021;14.057
Total Nacional;Asturias, Principado de;Asturias;;Renta neta media por persona;2020;13.505
Total Nacional;Asturias, Principado de;Asturias;;Renta neta media por persona;2019;13.465
Total Nacional;Asturias, Principado de;Asturias;;Renta neta media por persona;2018;12.923
Total Nacional;Asturias, Principado de;Asturias;;Renta neta media por persona;2017;12.489
Total Nacional;Asturias, Principado de;Asturias;;Renta neta media por persona;2016;12.147
Total Nacional;Asturias, Principado de;Asturias;;Renta neta media por hogar;2023;35.265
Total Nacional;Asturias, Principado de;Asturias;;Renta neta media por hogar;2022;33.242
Total Nacional;Asturias, Principado de;Asturias;;Renta neta media por hogar;2021;31.623
Total Nacional;Asturias, Principado de;Asturias;;Renta neta media por hogar;2020;30.658
Total Nacional;Asturias, Principado de;Asturias;;Renta neta media por hogar;2019;30.798
Total Nacional;Asturias, Principado de;Asturias;;Renta neta media por hogar;2018;29.637
Total Nacional;Asturias, Principado de;Asturias;;Renta neta media por hogar;2017;28.866
Total Nacional;Asturias, Principado de;Asturias;;Renta neta media por hogar;2016;28.303
Total Nacional;Balears, Illes;Balears, Illes;;Renta neta media por persona;2023;16.118
Total Nacional;Balears, Illes;Balears, Illes;;Renta neta media por persona;2022;14.740
Total Nacional;Balears, Illes;Balears, Illes;;Renta neta media por persona;2021;13.468
Total Nacional;Balears, Illes;Balears, Illes;;Renta neta media por persona;2020;12.486
Total Nacional;Balears, Illes;Balears, Illes;;Renta neta media por persona;2019;13.428
Total Nacional;Balears, Illes;Balears, Illes;;Renta neta media por persona;2018;12.893
Total Nacional;Balears, Illes;Balears, Illes;;Renta neta media por persona;2017;12.297
Total Nacional;Balears, Illes;Balears, Illes;;Renta neta media por persona;2016;11.488
Total Nacional;Balears, Illes;Balears, Illes;;Renta neta media por hogar;2023;44.812
Total Nacional;Balears, Illes;Balears, Illes;;Renta neta media por hogar;2022;40.597
Total Nacional;Balears, Illes;Balears, Illes;;Renta neta media por hogar;2021;36.905
Total Nacional;Balears, Illes;Balears, Illes;;Renta neta media por hogar;2020;34.531
Total Nacional;Balears, Illes;Balears, Illes;;Renta neta media por hogar;2019;37.375
Total Nacional;Balears, Illes;Balears, Illes;;Renta neta media por hogar;2018;35.728
Total Nacional;Balears, Illes;Balears, Illes;;Renta neta media por hogar;2017;33.972
Total Nacional;Balears, Illes;Balears, Illes;;Renta neta media por hogar;2016;32.447
Total Nacional;Canarias;Palmas, Las;;Renta neta media por persona;2023;13.806
Total Nacional;Canarias;Palmas, Las;;Renta neta media por persona;2022;12.716
Total Nacional;Canarias;Palmas, Las;;Renta neta media por persona;2021;11.697
Total Nacional;Canarias;Palmas, Las;;Renta neta media por persona;2020;11.172
Total Nacional;Canarias;Palmas, Las;;Renta neta media por persona;2019;11.336
Total Nacional;Canarias;Palmas, Las;;Renta neta media por persona;2018;10.862
Total Nacional;Canarias;Palmas, Las;;Renta neta media por persona;2017;10.328
Total Nacional;Canarias;Palmas, Las;;Renta neta media por persona;2016;9.799
Total Nacional;Canarias;Palmas, Las;;Renta neta media por hogar;2023;37.032
Total Nacional;Canarias;Palmas, Las;;Renta neta media por hogar;2022;34.010
Total Nacional;Canarias;Palmas, Las;;Renta neta media por hogar;2021;31.443
Total Nacional;Canarias;Palmas, Las;;Renta neta media por hogar;2020;30.367
Total Nacional;Canarias;Palmas, Las;;Renta neta media por hogar;2019;31.168
Total Nacional;Canarias;Palmas, Las;;Renta neta media por hogar;2018;29.899
Total Nacional;Canarias;Palmas, Las;;Renta neta media por hogar;2017;28.537
Total Nacional;Canarias;Palmas, Las;;Renta neta media por hogar;2016;27.379
Total Nacional;Canarias;Santa Cruz de Tenerife;;Renta neta media por persona;2023;13.366
Total Nacional;Canarias;Santa Cruz de Tenerife;;Renta neta media por persona;2022;12.237
Total Nacional;Canarias;Santa Cruz de Tenerife;;Renta neta media por persona;2021;11.198
Total Nacional;Canarias;Santa Cruz de Tenerife;;Renta neta media por persona;2020;10.679
Total Nacional;Canarias;Santa Cruz de Tenerife;;Renta neta media por persona;2019;10.770
Total Nacional;Canarias;Santa Cruz de Tenerife;;Renta neta media por persona;2018;10.233
Total Nacional;Canarias;Santa Cruz de Tenerife;;Renta neta media por persona;2017;9.738
Total Nacional;Canarias;Santa Cruz de Tenerife;;Renta neta media por persona;2016;9.238
Total Nacional;Canarias;Santa Cruz de Tenerife;;Renta neta media por hogar;2023;35.654
Total Nacional;Canarias;Santa Cruz de Tenerife;;Renta neta media por hogar;2022;32.485
Total Nacional;Canarias;Santa Cruz de Tenerife;;Renta neta media por hogar;2021;29.849
Total Nacional;Canarias;Santa Cruz de Tenerife;;Renta neta media por hogar;2020;28.792
Total Nacional;Canarias;Santa Cruz de Tenerife;;Renta neta media por hogar;2019;29.388
Total Nacional;Canarias;Santa Cruz de Tenerife;;Renta neta media por hogar;2018;27.865
Total Nacional;Canarias;Santa Cruz de Tenerife;;Renta neta media por hogar;2017;26.492
Total Nacional;Canarias;Santa Cruz de Tenerife;;Renta neta media por hogar;2016;25.462
Total Nacional;Cantabria;Cantabria;;Renta neta media por persona;2023;15.043
Total Nacional;Cantabria;Cantabria;;Renta neta media por persona;2022;14.211
Total Nacional;Cantabria;Cantabria;;Renta neta media por persona;2021;13.425
Total Nacional;Cantabria;Cantabria;;Renta neta media por persona;2020;12.865
Total Nacional;Cantabria;Cantabria;;Renta neta media por persona;2019;12.852
Total Nacional;Cantabria;Cantabria;;Renta neta media por persona;2018;12.389
Total Nacional;Cantabria;Cantabria;;Renta neta media por persona;2017;11.874
Total Nacional;Cantabria;Cantabria;;Renta neta media por persona;2016;11.503
Total Nacional;Cantabria;Cantabria;;Renta neta media por hogar;2023;36.412
Total Nacional;Cantabria;Cantabria;;Renta neta media por hogar;2022;34.461
Total Nacional;Cantabria;Cantabria;;Renta neta media por hogar;2021;32.734
Total Nacional;Cantabria;Cantabria;;Renta neta media por hogar;2020;31.545
Total Nacional;Cantabria;Cantabria;;Renta neta media por hogar;2019;31.698
Total Nacional;Cantabria;Cantabria;;Renta neta media por hogar;2018;30.651
Total Nacional;Cantabria;Cantabria;;Renta neta media por hogar;2017;29.534
Total Nacional;Cantabria;Cantabria;;Renta neta media por hogar;2016;28.847
Total Nacional;Castilla y León;Ávila;;Renta neta media por persona;2023;13.602
Total Nacional;Castilla y León;Ávila;;Renta neta media por persona;2022;12.684
Total Nacional;Castilla y León;Ávila;;Renta neta media por persona;2021;12.123
Total Nacional;Castilla y León;Ávila;;Renta neta media por persona;2020;11.577
Total Nacional;Castilla y León;Ávila;;Renta neta media por persona;2019;11.322
Total Nacional;Castilla y León;Ávila;;Renta neta media por persona;2018;10.822
Total Nacional;Castilla y León;Ávila;;Renta neta media por persona;2017;10.291
Total Nacional;Castilla y León;Ávila;;Renta neta media por persona;2016;9.925
Total Nacional;Castilla y León;Ávila;;Renta neta media por hogar;2023;30.159
Total Nacional;Castilla y León;Ávila;;Renta neta media por hogar;2022;28.227
Total Nacional;Castilla y León;Ávila;;Renta neta media por hogar;2021;27.023
Total Nacional;Castilla y León;Ávila;;Renta neta media por hogar;2020;26.065
Total Nacional;Castilla y León;Ávila;;Renta neta media por hogar;2019;25.530
Total Nacional;Castilla y León;Ávila;;Renta neta media por hogar;2018;24.593
Total Nacional;Castilla y León;Ávila;;Renta neta media por hogar;2017;23.596
Total Nacional;Castilla y León;Ávila;;Renta neta media por hogar;2016;22.877
Total Nacional;Castilla y León;Burgos;;Renta neta media por persona;2023;15.988
Total Nacional;Castilla y León;Burgos;;Renta neta media por persona;2022;15.017
Total Nacional;Castilla y León;Burgos;;Renta neta media por persona;2021;14.357
Total Nacional;Castilla y León;Burgos;;Renta neta media por persona;2020;13.777
Total Nacional;Castilla y León;Burgos;;Renta neta media por persona;2019;13.713
Total Nacional;Castilla y León;Burgos;;Renta neta media por persona;2018;13.316
Total Nacional;Castilla y León;Burgos;;Renta neta media por persona;2017;12.701
Total Nacional;Castilla y León;Burgos;;Renta neta media por persona;2016;12.375
Total Nacional;Castilla y León;Burgos;;Renta neta media por hogar;2023;36.605
Total Nacional;Castilla y León;Burgos;;Renta neta media por hogar;2022;34.530
Total Nacional;Castilla y León;Burgos;;Renta neta media por hogar;2021;33.203
Total Nacional;Castilla y León;Burgos;;Renta neta media por hogar;2020;32.078
Total Nacional;Castilla y León;Burgos;;Renta neta media por hogar;2019;32.106
Total Nacional;Castilla y León;Burgos;;Renta neta media por hogar;2018;31.240
Total Nacional;Castilla y León;Burgos;;Renta neta media por hogar;2017;29.949
Total Nacional;Castilla y León;Burgos;;Renta neta media por hogar;2016;29.391
Total Nacional;Castilla y León;León;;Renta neta media por persona;2023;15.110
Total Nacional;Castilla y León;León;;Renta neta media por persona;2022;14.144
Total Nacional;Castilla y León;León;;Renta neta media por persona;2021;13.400
Total Nacional;Castilla y León;León;;Renta neta media por persona;2020;12.917
Total Nacional;Castilla y León;León;;Renta neta media por persona;2019;12.755
Total Nacional;Castilla y León;León;;Renta neta media por persona;2018;12.222
Total Nacional;Castilla y León;León;;Renta neta media por persona;2017;11.702
Total Nacional;Castilla y León;León;;Renta neta media por persona;2016;11.350
Total Nacional;Castilla y León;León;;Renta neta media por hogar;2023;33.378
Total Nacional;Castilla y León;León;;Renta neta media por hogar;2022;31.392
Total Nacional;Castilla y León;León;;Renta neta media por hogar;2021;30.024
Total Nacional;Castilla y León;León;;Renta neta media por hogar;2020;29.196
Total Nacional;Castilla y León;León;;Renta neta media por hogar;2019;29.060
Total Nacional;Castilla y León;León;;Renta neta media por hogar;2018;28.009
Total Nacional;Castilla y León;León;;Renta neta media por hogar;2017;27.038
Total Nacional;Castilla y León;León;;Renta neta media por hogar;2016;26.563
Total Nacional;Castilla y León;Palencia;;Renta neta media por persona;2023;15.147
Total Nacional;Castilla y León;Palencia;;Renta neta media por persona;2022;14.251
Total Nacional;Castilla y León;Palencia;;Renta neta media por persona;2021;13.624
Total Nacional;Castilla y León;Palencia;;Renta neta media por persona;2020;13.153
Total Nacional;Castilla y León;Palencia;;Renta neta media por persona;2019;13.010
Total Nacional;Castilla y León;Palencia;;Renta neta media por persona;2018;12.525
Total Nacional;Castilla y León;Palencia;;Renta neta media por persona;2017;12.024
Total Nacional;Castilla y León;Palencia;;Renta neta media por persona;2016;11.752
Total Nacional;Castilla y León;Palencia;;Renta neta media por hogar;2023;34.037
Total Nacional;Castilla y León;Palencia;;Renta neta media por hogar;2022;32.105
Total Nacional;Castilla y León;Palencia;;Renta neta media por hogar;2021;31.008
Total Nacional;Castilla y León;Palencia;;Renta neta media por hogar;2020;30.176
Total Nacional;Castilla y León;Palencia;;Renta neta media por hogar;2019;30.010
Total Nacional;Castilla y León;Palencia;;Renta neta media por hogar;2018;28.971
Total Nacional;Castilla y León;Palencia;;Renta neta media por hogar;2017;28.036
Total Nacional;Castilla y León;Palencia;;Renta neta media por hogar;2016;27.629
Total Nacional;Castilla y León;Salamanca;;Renta neta media por persona;2023;14.583
Total Nacional;Castilla y León;Salamanca;;Renta neta media por persona;2022;13.610
Total Nacional;Castilla y León;Salamanca;;Renta neta media por persona;2021;12.920
Total Nacional;Castilla y León;Salamanca;;Renta neta media por persona;2020;12.355
Total Nacional;Castilla y León;Salamanca;;Renta neta media por persona;2019;12.240
Total Nacional;Castilla y León;Salamanca;;Renta neta media por persona;2018;11.762
Total Nacional;Castilla y León;Salamanca;;Renta neta media por persona;2017;11.278
Total Nacional;Castilla y León;Salamanca;;Renta neta media por persona;2016;10.926
Total Nacional;Castilla y León;Salamanca;;Renta neta media por hogar;2023;32.411
Total Nacional;Castilla y León;Salamanca;;Renta neta media por hogar;2022;30.435
Total Nacional;Castilla y León;Salamanca;;Renta neta media por hogar;2021;29.176
Total Nacional;Castilla y León;Salamanca;;Renta neta media por hogar;2020;28.130
Total Nacional;Castilla y León;Salamanca;;Renta neta media por hogar;2019;28.050
Total Nacional;Castilla y León;Salamanca;;Renta neta media por hogar;2018;26.989
Total Nacional;Castilla y León;Salamanca;;Renta neta media por hogar;2017;26.127
Total Nacional;Castilla y León;Salamanca;;Renta neta media por hogar;2016;25.481
Total Nacional;Castilla y León;Segovia;;Renta neta media por persona;2023;14.949
Total Nacional;Castilla y León;Segovia;;Renta neta media por persona;2022;13.956
Total Nacional;Castilla y León;Segovia;;Renta neta media por persona;2021;13.324
Total Nacional;Castilla y León;Segovia;;Renta neta media por persona;2020;12.722
Total Nacional;Castilla y León;Segovia;;Renta neta media por persona;2019;12.482
Total Nacional;Castilla y León;Segovia;;Renta neta media por persona;2018;11.922
Total Nacional;Castilla y León;Segovia;;Renta neta media por persona;2017;11.378
Total Nacional;Castilla y León;Segovia;;Renta neta media por persona;2016;11.025
Total Nacional;Castilla y León;Segovia;;Renta neta media por hogar;2023;35.688
Total Nacional;Castilla y León;Segovia;;Renta neta media por hogar;2022;33.362
Total Nacional;Castilla y León;Segovia;;Renta neta media por hogar;2021;32.028
Total Nacional;Castilla y León;Segovia;;Renta neta media por hogar;2020;30.787
Total Nacional;Castilla y León;Segovia;;Renta neta media por hogar;2019;30.477
Total Nacional;Castilla y León;Segovia;;Renta neta media por hogar;2018;29.158
Total Nacional;Castilla y León;Segovia;;Renta neta media por hogar;2017;28.014
Total Nacional;Castilla y León;Segovia;;Renta neta media por hogar;2016;27.328
Total Nacional;Castilla y León;Soria;;Renta neta media por persona;2023;15.626
Total Nacional;Castilla y León;Soria;;Renta neta media por persona;2022;14.721
Total Nacional;Castilla y León;Soria;;Renta neta media por persona;2021;14.385
Total Nacional;Castilla y León;Soria;;Renta neta media por persona;2020;13.889
Total Nacional;Castilla y León;Soria;;Renta neta media por persona;2019;13.353
Total Nacional;Castilla y León;Soria;;Renta neta media por persona;2018;12.907
Total Nacional;Castilla y León;Soria;;Renta neta media por persona;2017;12.377
Total Nacional;Castilla y León;Soria;;Renta neta media por persona;2016;11.961
Total Nacional;Castilla y León;Soria;;Renta neta media por hogar;2023;35.904
Total Nacional;Castilla y León;Soria;;Renta neta media por hogar;2022;33.830
Total Nacional;Castilla y León;Soria;;Renta neta media por hogar;2021;33.138
Total Nacional;Castilla y León;Soria;;Renta neta media por hogar;2020;32.372
Total Nacional;Castilla y León;Soria;;Renta neta media por hogar;2019;31.235
Total Nacional;Castilla y León;Soria;;Renta neta media por hogar;2018;30.202
Total Nacional;Castilla y León;Soria;;Renta neta media por hogar;2017;29.219
Total Nacional;Castilla y León;Soria;;Renta neta media por hogar;2016;28.394
Total Nacional;Castilla y León;Valladolid;;Renta neta media por persona;2023;15.590
Total Nacional;Castilla y León;Valladolid;;Renta neta media por persona;2022;14.658
Total Nacional;Castilla y León;Valladolid;;Renta neta media por persona;2021;13.987
Total Nacional;Castilla y León;Valladolid;;Renta neta media por persona;2020;13.490
Total Nacional;Castilla y León;Valladolid;;Renta neta media por persona;2019;13.344
Total Nacional;Castilla y León;Valladolid;;Renta neta media por persona;2018;12.905
Total Nacional;Castilla y León;Valladolid;;Renta neta media por persona;2017;12.396
Total Nacional;Castilla y León;Valladolid;;Renta neta media por persona;2016;12.050
Total Nacional;Castilla y León;Valladolid;;Renta neta media por hogar;2023;36.785
Total Nacional;Castilla y León;Valladolid;;Renta neta media por hogar;2022;34.708
Total Nacional;Castilla y León;Valladolid;;Renta neta media por hogar;2021;33.348
Total Nacional;Castilla y León;Valladolid;;Renta neta media por hogar;2020;32.397
Total Nacional;Castilla y León;Valladolid;;Renta neta media por hogar;2019;32.247
Total Nacional;Castilla y León;Valladolid;;Renta neta media por hogar;2018;31.296
Total Nacional;Castilla y León;Valladolid;;Renta neta media por hogar;2017;30.288
Total Nacional;Castilla y León;Valladolid;;Renta neta media por hogar;2016;29.735
Total Nacional;Castilla y León;Zamora;;Renta neta media por persona;2023;13.897
Total Nacional;Castilla y León;Zamora;;Renta neta media por persona;2022;12.913
Total Nacional;Castilla y León;Zamora;;Renta neta media por persona;2021;12.292
Total Nacional;Castilla y León;Zamora;;Renta neta media por persona;2020;11.737
Total Nacional;Castilla y León;Zamora;;Renta neta media por persona;2019;11.520
Total Nacional;Castilla y León;Zamora;;Renta neta media por persona;2018;10.971
Total Nacional;Castilla y León;Zamora;;Renta neta media por persona;2017;10.431
Total Nacional;Castilla y León;Zamora;;Renta neta media por persona;2016;10.102
Total Nacional;Castilla y León;Zamora;;Renta neta media por hogar;2023;29.891
Total Nacional;Castilla y León;Zamora;;Renta neta media por hogar;2022;27.928
Total Nacional;Castilla y León;Zamora;;Renta neta media por hogar;2021;26.846
Total Nacional;Castilla y León;Zamora;;Renta neta media por hogar;2020;25.855
Total Nacional;Castilla y León;Zamora;;Renta neta media por hogar;2019;25.593
Total Nacional;Castilla y León;Zamora;;Renta neta media por hogar;2018;24.524
Total Nacional;Castilla y León;Zamora;;Renta neta media por hogar;2017;23.602
Total Nacional;Castilla y León;Zamora;;Renta neta media por hogar;2016;23.106
Total Nacional;Castilla - La Mancha;Albacete;;Renta neta media por persona;2023;13.058
Total Nacional;Castilla - La Mancha;Albacete;;Renta neta media por persona;2022;12.305
Total Nacional;Castilla - La Mancha;Albacete;;Renta neta media por persona;2021;11.652
Total Nacional;Castilla - La Mancha;Albacete;;Renta neta media por persona;2020;11.104
Total Nacional;Castilla - La Mancha;Albacete;;Renta neta media por persona;2019;10.901
Total Nacional;Castilla - La Mancha;Albacete;;Renta neta media por persona;2018;10.351
Total Nacional;Castilla - La Mancha;Albacete;;Renta neta media por persona;2017;9.847
Total Nacional;Castilla - La Mancha;Albacete;;Renta neta media por persona;2016;9.446
Total Nacional;Castilla - La Mancha;Albacete;;Renta neta media por hogar;2023;32.600
Total Nacional;Castilla - La Mancha;Albacete;;Renta neta media por hogar;2022;30.908
Total Nacional;Castilla - La Mancha;Albacete;;Renta neta media por hogar;2021;29.451
Total Nacional;Castilla - La Mancha;Albacete;;Renta neta media por hogar;2020;28.288
Total Nacional;Castilla - La Mancha;Albacete;;Renta neta media por hogar;2019;27.995
Total Nacional;Castilla - La Mancha;Albacete;;Renta neta media por hogar;2018;26.719
Total Nacional;Castilla - La Mancha;Albacete;;Renta neta media por hogar;2017;25.627
Total Nacional;Castilla - La Mancha;Albacete;;Renta neta media por hogar;2016;24.785
Total Nacional;Castilla - La Mancha;Ciudad Real;;Renta neta media por persona;2023;12.529
Total Nacional;Castilla - La Mancha;Ciudad Real;;Renta neta media por persona;2022;11.724
Total Nacional;Castilla - La Mancha;Ciudad Real;;Renta neta media por persona;2021;11.051
Total Nacional;Castilla - La Mancha;Ciudad Real;;Renta neta media por persona;2020;10.570
Total Nacional;Castilla - La Mancha;Ciudad Real;;Renta neta media por persona;2019;10.431
Total Nacional;Castilla - La Mancha;Ciudad Real;;Renta neta media por persona;2018;10.001
Total Nacional;Castilla - La Mancha;Ciudad Real;;Renta neta media por persona;2017;9.482
Total Nacional;Castilla - La Mancha;Ciudad Real;;Renta neta media por persona;2016;9.056
Total Nacional;Castilla - La Mancha;Ciudad Real;;Renta neta media por hogar;2023;31.095
Total Nacional;Castilla - La Mancha;Ciudad Real;;Renta neta media por hogar;2022;29.290
Total Nacional;Castilla - La Mancha;Ciudad Real;;Renta neta media por hogar;2021;27.895
Total Nacional;Castilla - La Mancha;Ciudad Real;;Renta neta media por hogar;2020;26.842
Total Nacional;Castilla - La Mancha;Ciudad Real;;Renta neta media por hogar;2019;26.691
Total Nacional;Castilla - La Mancha;Ciudad Real;;Renta neta media por hogar;2018;25.698
Total Nacional;Castilla - La Mancha;Ciudad Real;;Renta neta media por hogar;2017;24.608
Total Nacional;Castilla - La Mancha;Ciudad Real;;Renta neta media por hogar;2016;23.845
Total Nacional;Castilla - La Mancha;Cuenca;;Renta neta media por persona;2023;12.725
Total Nacional;Castilla - La Mancha;Cuenca;;Renta neta media por persona;2022;12.022
Total Nacional;Castilla - La Mancha;Cuenca;;Renta neta media por persona;2021;11.550
Total Nacional;Castilla - La Mancha;Cuenca;;Renta neta media por persona;2020;10.991
Total Nacional;Castilla - La Mancha;Cuenca;;Renta neta media por persona;2019;10.680
Total Nacional;Castilla - La Mancha;Cuenca;;Renta neta media por persona;2018;10.212
Total Nacional;Castilla - La Mancha;Cuenca;;Renta neta media por persona;2017;9.722
Total Nacional;Castilla - La Mancha;Cuenca;;Renta neta media por persona;2016;9.224
Total Nacional;Castilla - La Mancha;Cuenca;;Renta neta media por hogar;2023;30.641
Total Nacional;Castilla - La Mancha;Cuenca;;Renta neta media por hogar;2022;29.064
Total Nacional;Castilla - La Mancha;Cuenca;;Renta neta media por hogar;2021;27.927
Total Nacional;Castilla - La Mancha;Cuenca;;Renta neta media por hogar;2020;26.719
Total Nacional;Castilla - La Mancha;Cuenca;;Renta neta media por hogar;2019;26.140
Total Nacional;Castilla - La Mancha;Cuenca;;Renta neta media por hogar;2018;25.019
Total Nacional;Castilla - La Mancha;Cuenca;;Renta neta media por hogar;2017;23.986
Total Nacional;Castilla - La Mancha;Cuenca;;Renta neta media por hogar;2016;23.314
Total Nacional;Castilla - La Mancha;Guadalajara;;Renta neta media por persona;2023;14.689
Total Nacional;Castilla - La Mancha;Guadalajara;;Renta neta media por persona;2022;13.829
Total Nacional;Castilla - La Mancha;Guadalajara;;Renta neta media por persona;2021;13.149
Total Nacional;Castilla - La Mancha;Guadalajara;;Renta neta media por persona;2020;12.624
Total Nacional;Castilla - La Mancha;Guadalajara;;Renta neta media por persona;2019;12.521
Total Nacional;Castilla - La Mancha;Guadalajara;;Renta neta media por persona;2018;12.083
Total Nacional;Castilla - La Mancha;Guadalajara;;Renta neta media por persona;2017;11.600
Total Nacional;Castilla - La Mancha;Guadalajara;;Renta neta media por persona;2016;11.212
Total Nacional;Castilla - La Mancha;Guadalajara;;Renta neta media por hogar;2023;37.803
Total Nacional;Castilla - La Mancha;Guadalajara;;Renta neta media por hogar;2022;35.509
Total Nacional;Castilla - La Mancha;Guadalajara;;Renta neta media por hogar;2021;33.609
Total Nacional;Castilla - La Mancha;Guadalajara;;Renta neta media por hogar;2020;32.431
Total Nacional;Castilla - La Mancha;Guadalajara;;Renta neta media por hogar;2019;32.329
Total Nacional;Castilla - La Mancha;Guadalajara;;Renta neta media por hogar;2018;31.083
Total Nacional;Castilla - La Mancha;Guadalajara;;Renta neta media por hogar;2017;29.862
Total Nacional;Castilla - La Mancha;Guadalajara;;Renta neta media por hogar;2016;29.080
Total Nacional;Castilla - La Mancha;Toledo;;Renta neta media por persona;2023;12.422
Total Nacional;Castilla - La Mancha;Toledo;;Renta neta media por persona;2022;11.614
Total Nacional;Castilla - La Mancha;Toledo;;Renta neta media por persona;2021;10.998
Total Nacional;Castilla - La Mancha;Toledo;;Renta neta media por persona;2020;10.533
Total Nacional;Castilla - La Mancha;Toledo;;Renta neta media por persona;2019;10.413
Total Nacional;Castilla - La Mancha;Toledo;;Renta neta media por persona;2018;9.955
Total Nacional;Castilla - La Mancha;Toledo;;Renta neta media por persona;2017;9.512
Total Nacional;Castilla - La Mancha;Toledo;;Renta neta media por persona;2016;9.085
Total Nacional;Castilla - La Mancha;Toledo;;Renta neta media por hogar;2023;32.711
Total Nacional;Castilla - La Mancha;Toledo;;Renta neta media por hogar;2022;30.626
Total Nacional;Castilla - La Mancha;Toledo;;Renta neta media por hogar;2021;28.990
Total Nacional;Castilla - La Mancha;Toledo;;Renta neta media por hogar;2020;27.906
Total Nacional;Castilla - La Mancha;Toledo;;Renta neta media por hogar;2019;27.705
Total Nacional;Castilla - La Mancha;Toledo;;Renta neta media por hogar;2018;26.489
Total Nacional;Castilla - La Mancha;Toledo;;Renta neta media por hogar;2017;25.374
Total Nacional;Castilla - La Mancha;Toledo;;Renta neta media por hogar;2016;24.502
Total Nacional;Cataluńa;Barcelona;;Renta neta media por persona;2023;17.062
Total Nacional;Cataluńa;Barcelona;;Renta neta media por persona;2022;16.105
Total Nacional;Cataluńa;Barcelona;;Renta neta media por persona;2021;15.297
Total Nacional;Cataluńa;Barcelona;;Renta neta media por persona;2020;14.676
Total Nacional;Cataluńa;Barcelona;;Renta neta media por persona;2019;14.656
Total Nacional;Cataluńa;Barcelona;;Renta neta media por persona;2018;14.198
Total Nacional;Cataluńa;Barcelona;;Renta neta media por persona;2017;13.622
Total Nacional;Cataluńa;Barcelona;;Renta neta media por persona;2016;13.256
Total Nacional;Cataluńa;Barcelona;;Renta neta media por hogar;2023;44.243
Total Nacional;Cataluńa;Barcelona;;Renta neta media por hogar;2022;41.594
Total Nacional;Cataluńa;Barcelona;;Renta neta media por hogar;2021;39.511
Total Nacional;Cataluńa;Barcelona;;Renta neta media por hogar;2020;38.226
Total Nacional;Cataluńa;Barcelona;;Renta neta media por hogar;2019;38.386
Total Nacional;Cataluńa;Barcelona;;Renta neta media por hogar;2018;37.044
Total Nacional;Cataluńa;Barcelona;;Renta neta media por hogar;2017;35.469
Total Nacional;Cataluńa;Barcelona;;Renta neta media por hogar;2016;34.679
Total Nacional;Cataluńa;Girona;;Renta neta media por persona;2023;15.130
Total Nacional;Cataluńa;Girona;;Renta neta media por persona;2022;14.176
Total Nacional;Cataluńa;Girona;;Renta neta media por persona;2021;13.485
Total Nacional;Cataluńa;Girona;;Renta neta media por persona;2020;12.865
Total Nacional;Cataluńa;Girona;;Renta neta media por persona;2019;12.843
Total Nacional;Cataluńa;Girona;;Renta neta media por persona;2018;12.355
Total Nacional;Cataluńa;Girona;;Renta neta media por persona;2017;11.841
Total Nacional;Cataluńa;Girona;;Renta neta media por persona;2016;11.409
Total Nacional;Cataluńa;Girona;;Renta neta media por hogar;2023;40.105
Total Nacional;Cataluńa;Girona;;Renta neta media por hogar;2022;37.444
Total Nacional;Cataluńa;Girona;;Renta neta media por hogar;2021;35.585
Total Nacional;Cataluńa;Girona;;Renta neta media por hogar;2020;34.212
Total Nacional;Cataluńa;Girona;;Renta neta media por hogar;2019;34.301
Total Nacional;Cataluńa;Girona;;Renta neta media por hogar;2018;32.943
Total Nacional;Cataluńa;Girona;;Renta neta media por hogar;2017;31.537
Total Nacional;Cataluńa;Girona;;Renta neta media por hogar;2016;30.536
Total Nacional;Cataluńa;Lleida;;Renta neta media por persona;2023;14.713
Total Nacional;Cataluńa;Lleida;;Renta neta media por persona;2022;13.865
Total Nacional;Cataluńa;Lleida;;Renta neta media por persona;2021;13.334
Total Nacional;Cataluńa;Lleida;;Renta neta media por persona;2020;12.896
Total Nacional;Cataluńa;Lleida;;Renta neta media por persona;2019;12.618
Total Nacional;Cataluńa;Lleida;;Renta neta media por persona;2018;12.124
Total Nacional;Cataluńa;Lleida;;Renta neta media por persona;2017;11.624
Total Nacional;Cataluńa;Lleida;;Renta neta media por persona;2016;11.208
Total Nacional;Cataluńa;Lleida;;Renta neta media por hogar;2023;37.826
Total Nacional;Cataluńa;Lleida;;Renta neta media por hogar;2022;35.640
Total Nacional;Cataluńa;Lleida;;Renta neta media por hogar;2021;34.308
Total Nacional;Cataluńa;Lleida;;Renta neta media por hogar;2020;33.305
Total Nacional;Cataluńa;Lleida;;Renta neta media por hogar;2019;32.796
Total Nacional;Cataluńa;Lleida;;Renta neta media por hogar;2018;31.474
Total Nacional;Cataluńa;Lleida;;Renta neta media por hogar;2017;29.856
Total Nacional;Cataluńa;Lleida;;Renta neta media por hogar;2016;28.957
Total Nacional;Cataluńa;Tarragona;;Renta neta media por persona;2023;14.559
Total Nacional;Cataluńa;Tarragona;;Renta neta media por persona;2022;13.673
Total Nacional;Cataluńa;Tarragona;;Renta neta media por persona;2021;13.086
Total Nacional;Cataluńa;Tarragona;;Renta neta media por persona;2020;12.491
Total Nacional;Cataluńa;Tarragona;;Renta neta media por persona;2019;12.432
Total Nacional;Cataluńa;Tarragona;;Renta neta media por persona;2018;12.011
Total Nacional;Cataluńa;Tarragona;;Renta neta media por persona;2017;11.506
Total Nacional;Cataluńa;Tarragona;;Renta neta media por persona;2016;11.119
Total Nacional;Cataluńa;Tarragona;;Renta neta media por hogar;2023;37.029
Total Nacional;Cataluńa;Tarragona;;Renta neta media por hogar;2022;34.872
Total Nacional;Cataluńa;Tarragona;;Renta neta media por hogar;2021;33.304
Total Nacional;Cataluńa;Tarragona;;Renta neta media por hogar;2020;31.975
Total Nacional;Cataluńa;Tarragona;;Renta neta media por hogar;2019;32.054
Total Nacional;Cataluńa;Tarragona;;Renta neta media por hogar;2018;30.952
Total Nacional;Cataluńa;Tarragona;;Renta neta media por hogar;2017;29.703
Total Nacional;Cataluńa;Tarragona;;Renta neta media por hogar;2016;29.022
Total Nacional;Comunitat Valenciana;Alicante/Alacant;;Renta neta media por persona;2023;12.313
Total Nacional;Comunitat Valenciana;Alicante/Alacant;;Renta neta media por persona;2022;11.378
Total Nacional;Comunitat Valenciana;Alicante/Alacant;;Renta neta media por persona;2021;10.770
Total Nacional;Comunitat Valenciana;Alicante/Alacant;;Renta neta media por persona;2020;10.236
Total Nacional;Comunitat Valenciana;Alicante/Alacant;;Renta neta media por persona;2019;10.177
Total Nacional;Comunitat Valenciana;Alicante/Alacant;;Renta neta media por persona;2018;9.736
Total Nacional;Comunitat Valenciana;Alicante/Alacant;;Renta neta media por persona;2017;9.313
Total Nacional;Comunitat Valenciana;Alicante/Alacant;;Renta neta media por persona;2016;8.814
Total Nacional;Comunitat Valenciana;Alicante/Alacant;;Renta neta media por hogar;2023;31.507
Total Nacional;Comunitat Valenciana;Alicante/Alacant;;Renta neta media por hogar;2022;28.965
Total Nacional;Comunitat Valenciana;Alicante/Alacant;;Renta neta media por hogar;2021;27.380
Total Nacional;Comunitat Valenciana;Alicante/Alacant;;Renta neta media por hogar;2020;26.274
Total Nacional;Comunitat Valenciana;Alicante/Alacant;;Renta neta media por hogar;2019;26.293
Total Nacional;Comunitat Valenciana;Alicante/Alacant;;Renta neta media por hogar;2018;25.161
Total Nacional;Comunitat Valenciana;Alicante/Alacant;;Renta neta media por hogar;2017;24.112
Total Nacional;Comunitat Valenciana;Alicante/Alacant;;Renta neta media por hogar;2016;23.165
Total Nacional;Comunitat Valenciana;Castellón/Castelló;;Renta neta media por persona;2023;14.029
Total Nacional;Comunitat Valenciana;Castellón/Castelló;;Renta neta media por persona;2022;13.305
Total Nacional;Comunitat Valenciana;Castellón/Castelló;;Renta neta media por persona;2021;12.680
Total Nacional;Comunitat Valenciana;Castellón/Castelló;;Renta neta media por persona;2020;12.079
Total Nacional;Comunitat Valenciana;Castellón/Castelló;;Renta neta media por persona;2019;11.987
Total Nacional;Comunitat Valenciana;Castellón/Castelló;;Renta neta media por persona;2018;11.461
Total Nacional;Comunitat Valenciana;Castellón/Castelló;;Renta neta media por persona;2017;10.958
Total Nacional;Comunitat Valenciana;Castellón/Castelló;;Renta neta media por persona;2016;10.504
Total Nacional;Comunitat Valenciana;Castellón/Castelló;;Renta neta media por hogar;2023;34.497
Total Nacional;Comunitat Valenciana;Castellón/Castelló;;Renta neta media por hogar;2022;32.694
Total Nacional;Comunitat Valenciana;Castellón/Castelló;;Renta neta media por hogar;2021;31.163
Total Nacional;Comunitat Valenciana;Castellón/Castelló;;Renta neta media por hogar;2020;29.875
Total Nacional;Comunitat Valenciana;Castellón/Castelló;;Renta neta media por hogar;2019;29.847
Total Nacional;Comunitat Valenciana;Castellón/Castelló;;Renta neta media por hogar;2018;28.557
Total Nacional;Comunitat Valenciana;Castellón/Castelló;;Renta neta media por hogar;2017;27.398
Total Nacional;Comunitat Valenciana;Castellón/Castelló;;Renta neta media por hogar;2016;26.457
Total Nacional;Comunitat Valenciana;Valencia/Valčncia;;Renta neta media por persona;2023;14.435
Total Nacional;Comunitat Valenciana;Valencia/Valčncia;;Renta neta media por persona;2022;13.548
Total Nacional;Comunitat Valenciana;Valencia/Valčncia;;Renta neta media por persona;2021;12.823
Total Nacional;Comunitat Valenciana;Valencia/Valčncia;;Renta neta media por persona;2020;12.333
Total Nacional;Comunitat Valenciana;Valencia/Valčncia;;Renta neta media por persona;2019;12.145
Total Nacional;Comunitat Valenciana;Valencia/Valčncia;;Renta neta media por persona;2018;11.634
Total Nacional;Comunitat Valenciana;Valencia/Valčncia;;Renta neta media por persona;2017;11.041
Total Nacional;Comunitat Valenciana;Valencia/Valčncia;;Renta neta media por persona;2016;10.641
Total Nacional;Comunitat Valenciana;Valencia/Valčncia;;Renta neta media por hogar;2023;36.532
Total Nacional;Comunitat Valenciana;Valencia/Valčncia;;Renta neta media por hogar;2022;34.198
Total Nacional;Comunitat Valenciana;Valencia/Valčncia;;Renta neta media por hogar;2021;32.317
Total Nacional;Comunitat Valenciana;Valencia/Valčncia;;Renta neta media por hogar;2020;31.208
Total Nacional;Comunitat Valenciana;Valencia/Valčncia;;Renta neta media por hogar;2019;31.017
Total Nacional;Comunitat Valenciana;Valencia/Valčncia;;Renta neta media por hogar;2018;29.710
Total Nacional;Comunitat Valenciana;Valencia/Valčncia;;Renta neta media por hogar;2017;28.274
Total Nacional;Comunitat Valenciana;Valencia/Valčncia;;Renta neta media por hogar;2016;27.426
Total Nacional;Extremadura;Badajoz;;Renta neta media por persona;2023;12.068
Total Nacional;Extremadura;Badajoz;;Renta neta media por persona;2022;11.158
Total Nacional;Extremadura;Badajoz;;Renta neta media por persona;2021;10.549
Total Nacional;Extremadura;Badajoz;;Renta neta media por persona;2020;10.001
Total Nacional;Extremadura;Badajoz;;Renta neta media por persona;2019;9.895
Total Nacional;Extremadura;Badajoz;;Renta neta media por persona;2018;9.417
Total Nacional;Extremadura;Badajoz;;Renta neta media por persona;2017;8.971
Total Nacional;Extremadura;Badajoz;;Renta neta media por persona;2016;8.643
Total Nacional;Extremadura;Badajoz;;Renta neta media por hogar;2023;29.231
Total Nacional;Extremadura;Badajoz;;Renta neta media por hogar;2022;27.243
Total Nacional;Extremadura;Badajoz;;Renta neta media por hogar;2021;26.050
Total Nacional;Extremadura;Badajoz;;Renta neta media por hogar;2020;24.905
Total Nacional;Extremadura;Badajoz;;Renta neta media por hogar;2019;24.819
Total Nacional;Extremadura;Badajoz;;Renta neta media por hogar;2018;23.780
Total Nacional;Extremadura;Badajoz;;Renta neta media por hogar;2017;22.872
Total Nacional;Extremadura;Badajoz;;Renta neta media por hogar;2016;22.222
Total Nacional;Extremadura;Cáceres;;Renta neta media por persona;2023;12.771
Total Nacional;Extremadura;Cáceres;;Renta neta media por persona;2022;11.786
Total Nacional;Extremadura;Cáceres;;Renta neta media por persona;2021;11.238
Total Nacional;Extremadura;Cáceres;;Renta neta media por persona;2020;10.660
Total Nacional;Extremadura;Cáceres;;Renta neta media por persona;2019;10.537
Total Nacional;Extremadura;Cáceres;;Renta neta media por persona;2018;10.009
Total Nacional;Extremadura;Cáceres;;Renta neta media por persona;2017;9.544
Total Nacional;Extremadura;Cáceres;;Renta neta media por persona;2016;9.247
Total Nacional;Extremadura;Cáceres;;Renta neta media por hogar;2023;28.614
Total Nacional;Extremadura;Cáceres;;Renta neta media por hogar;2022;26.529
Total Nacional;Extremadura;Cáceres;;Renta neta media por hogar;2021;25.497
Total Nacional;Extremadura;Cáceres;;Renta neta media por hogar;2020;24.373
Total Nacional;Extremadura;Cáceres;;Renta neta media por hogar;2019;24.262
Total Nacional;Extremadura;Cáceres;;Renta neta media por hogar;2018;23.205
Total Nacional;Extremadura;Cáceres;;Renta neta media por hogar;2017;22.359
Total Nacional;Extremadura;Cáceres;;Renta neta media por hogar;2016;21.765
Total Nacional;Galicia;Coruńa, A;;Renta neta media por persona;2023;15.319
Total Nacional;Galicia;Coruńa, A;;Renta neta media por persona;2022;14.294
Total Nacional;Galicia;Coruńa, A;;Renta neta media por persona;2021;13.319
Total Nacional;Galicia;Coruńa, A;;Renta neta media por persona;2020;12.841
Total Nacional;Galicia;Coruńa, A;;Renta neta media por persona;2019;12.764
Total Nacional;Galicia;Coruńa, A;;Renta neta media por persona;2018;12.207
Total Nacional;Galicia;Coruńa, A;;Renta neta media por persona;2017;11.706
Total Nacional;Galicia;Coruńa, A;;Renta neta media por persona;2016;11.383
Total Nacional;Galicia;Coruńa, A;;Renta neta media por hogar;2023;36.978
Total Nacional;Galicia;Coruńa, A;;Renta neta media por hogar;2022;34.683
Total Nacional;Galicia;Coruńa, A;;Renta neta media por hogar;2021;32.643
Total Nacional;Galicia;Coruńa, A;;Renta neta media por hogar;2020;31.710
Total Nacional;Galicia;Coruńa, A;;Renta neta media por hogar;2019;31.785
Total Nacional;Galicia;Coruńa, A;;Renta neta media por hogar;2018;30.546
Total Nacional;Galicia;Coruńa, A;;Renta neta media por hogar;2017;29.444
Total Nacional;Galicia;Coruńa, A;;Renta neta media por hogar;2016;28.750
Total Nacional;Galicia;Lugo;;Renta neta media por persona;2023;14.316
Total Nacional;Galicia;Lugo;;Renta neta media por persona;2022;13.362
Total Nacional;Galicia;Lugo;;Renta neta media por persona;2021;12.560
Total Nacional;Galicia;Lugo;;Renta neta media por persona;2020;12.021
Total Nacional;Galicia;Lugo;;Renta neta media por persona;2019;11.856
Total Nacional;Galicia;Lugo;;Renta neta media por persona;2018;11.335
Total Nacional;Galicia;Lugo;;Renta neta media por persona;2017;10.878
Total Nacional;Galicia;Lugo;;Renta neta media por persona;2016;10.541
Total Nacional;Galicia;Lugo;;Renta neta media por hogar;2023;32.837
Total Nacional;Galicia;Lugo;;Renta neta media por hogar;2022;30.709
Total Nacional;Galicia;Lugo;;Renta neta media por hogar;2021;29.158
Total Nacional;Galicia;Lugo;;Renta neta media por hogar;2020;28.176
Total Nacional;Galicia;Lugo;;Renta neta media por hogar;2019;28.067
Total Nacional;Galicia;Lugo;;Renta neta media por hogar;2018;26.977
Total Nacional;Galicia;Lugo;;Renta neta media por hogar;2017;26.118
Total Nacional;Galicia;Lugo;;Renta neta media por hogar;2016;25.500
Total Nacional;Galicia;Ourense;;Renta neta media por persona;2023;14.049
Total Nacional;Galicia;Ourense;;Renta neta media por persona;2022;13.043
Total Nacional;Galicia;Ourense;;Renta neta media por persona;2021;12.365
Total Nacional;Galicia;Ourense;;Renta neta media por persona;2020;11.937
Total Nacional;Galicia;Ourense;;Renta neta media por persona;2019;11.729
Total Nacional;Galicia;Ourense;;Renta neta media por persona;2018;11.230
Total Nacional;Galicia;Ourense;;Renta neta media por persona;2017;10.729
Total Nacional;Galicia;Ourense;;Renta neta media por persona;2016;10.415
Total Nacional;Galicia;Ourense;;Renta neta media por hogar;2023;31.170
Total Nacional;Galicia;Ourense;;Renta neta media por hogar;2022;29.073
Total Nacional;Galicia;Ourense;;Renta neta media por hogar;2021;27.727
Total Nacional;Galicia;Ourense;;Renta neta media por hogar;2020;26.979
Total Nacional;Galicia;Ourense;;Renta neta media por hogar;2019;26.720
Total Nacional;Galicia;Ourense;;Renta neta media por hogar;2018;25.642
Total Nacional;Galicia;Ourense;;Renta neta media por hogar;2017;24.730
Total Nacional;Galicia;Ourense;;Renta neta media por hogar;2016;24.203
Total Nacional;Galicia;Pontevedra;;Renta neta media por persona;2023;14.137
Total Nacional;Galicia;Pontevedra;;Renta neta media por persona;2022;13.170
Total Nacional;Galicia;Pontevedra;;Renta neta media por persona;2021;12.425
Total Nacional;Galicia;Pontevedra;;Renta neta media por persona;2020;11.881
Total Nacional;Galicia;Pontevedra;;Renta neta media por persona;2019;11.726
Total Nacional;Galicia;Pontevedra;;Renta neta media por persona;2018;11.220
Total Nacional;Galicia;Pontevedra;;Renta neta media por persona;2017;10.726
Total Nacional;Galicia;Pontevedra;;Renta neta media por persona;2016;10.353
Total Nacional;Galicia;Pontevedra;;Renta neta media por hogar;2023;35.506
Total Nacional;Galicia;Pontevedra;;Renta neta media por hogar;2022;33.230
Total Nacional;Galicia;Pontevedra;;Renta neta media por hogar;2021;31.541
Total Nacional;Galicia;Pontevedra;;Renta neta media por hogar;2020;30.475
Total Nacional;Galicia;Pontevedra;;Renta neta media por hogar;2019;30.315
Total Nacional;Galicia;Pontevedra;;Renta neta media por hogar;2018;29.129
Total Nacional;Galicia;Pontevedra;;Renta neta media por hogar;2017;28.117
Total Nacional;Galicia;Pontevedra;;Renta neta media por hogar;2016;27.364
Total Nacional;Madrid, Comunidad de;Madrid;;Renta neta media por persona;2023;18.142
Total Nacional;Madrid, Comunidad de;Madrid;;Renta neta media por persona;2022;17.131
Total Nacional;Madrid, Comunidad de;Madrid;;Renta neta media por persona;2021;16.146
Total Nacional;Madrid, Comunidad de;Madrid;;Renta neta media por persona;2020;15.579
Total Nacional;Madrid, Comunidad de;Madrid;;Renta neta media por persona;2019;15.520
Total Nacional;Madrid, Comunidad de;Madrid;;Renta neta media por persona;2018;15.153
Total Nacional;Madrid, Comunidad de;Madrid;;Renta neta media por persona;2017;14.461
Total Nacional;Madrid, Comunidad de;Madrid;;Renta neta media por persona;2016;14.104
Total Nacional;Madrid, Comunidad de;Madrid;;Renta neta media por hogar;2023;48.806
Total Nacional;Madrid, Comunidad de;Madrid;;Renta neta media por hogar;2022;45.726
Total Nacional;Madrid, Comunidad de;Madrid;;Renta neta media por hogar;2021;43.037
Total Nacional;Madrid, Comunidad de;Madrid;;Renta neta media por hogar;2020;41.830
Total Nacional;Madrid, Comunidad de;Madrid;;Renta neta media por hogar;2019;42.058
Total Nacional;Madrid, Comunidad de;Madrid;;Renta neta media por hogar;2018;40.929
Total Nacional;Madrid, Comunidad de;Madrid;;Renta neta media por hogar;2017;38.983
Total Nacional;Madrid, Comunidad de;Madrid;;Renta neta media por hogar;2016;38.297
Total Nacional;Murcia, Región de;Murcia;;Renta neta media por persona;2023;12.446
Total Nacional;Murcia, Región de;Murcia;;Renta neta media por persona;2022;11.599
Total Nacional;Murcia, Región de;Murcia;;Renta neta media por persona;2021;11.023
Total Nacional;Murcia, Región de;Murcia;;Renta neta media por persona;2020;10.574
Total Nacional;Murcia, Región de;Murcia;;Renta neta media por persona;2019;10.422
Total Nacional;Murcia, Región de;Murcia;;Renta neta media por persona;2018;9.948
Total Nacional;Murcia, Región de;Murcia;;Renta neta media por persona;2017;9.518
Total Nacional;Murcia, Región de;Murcia;;Renta neta media por persona;2016;9.124
Total Nacional;Murcia, Región de;Murcia;;Renta neta media por hogar;2023;34.951
Total Nacional;Murcia, Región de;Murcia;;Renta neta media por hogar;2022;32.743
Total Nacional;Murcia, Región de;Murcia;;Renta neta media por hogar;2021;31.262
Total Nacional;Murcia, Región de;Murcia;;Renta neta media por hogar;2020;30.171
Total Nacional;Murcia, Región de;Murcia;;Renta neta media por hogar;2019;29.932
Total Nacional;Murcia, Región de;Murcia;;Renta neta media por hogar;2018;28.531
Total Nacional;Murcia, Región de;Murcia;;Renta neta media por hogar;2017;27.372
Total Nacional;Murcia, Región de;Murcia;;Renta neta media por hogar;2016;26.512
Total Nacional;Navarra, Comunidad Foral de;Navarra;;Renta neta media por persona;2023;16.423
Total Nacional;Navarra, Comunidad Foral de;Navarra;;Renta neta media por persona;2022;15.681
Total Nacional;Navarra, Comunidad Foral de;Navarra;;Renta neta media por persona;2021;14.718
Total Nacional;Navarra, Comunidad Foral de;Navarra;;Renta neta media por persona;2020;""
Total Nacional;Navarra, Comunidad Foral de;Navarra;;Renta neta media por persona;2019;""
Total Nacional;Navarra, Comunidad Foral de;Navarra;;Renta neta media por persona;2018;""
Total Nacional;Navarra, Comunidad Foral de;Navarra;;Renta neta media por persona;2017;""
Total Nacional;Navarra, Comunidad Foral de;Navarra;;Renta neta media por persona;2016;""
Total Nacional;Navarra, Comunidad Foral de;Navarra;;Renta neta media por hogar;2023;42.714
Total Nacional;Navarra, Comunidad Foral de;Navarra;;Renta neta media por hogar;2022;40.760
Total Nacional;Navarra, Comunidad Foral de;Navarra;;Renta neta media por hogar;2021;38.267
Total Nacional;Navarra, Comunidad Foral de;Navarra;;Renta neta media por hogar;2020;""
Total Nacional;Navarra, Comunidad Foral de;Navarra;;Renta neta media por hogar;2019;""
Total Nacional;Navarra, Comunidad Foral de;Navarra;;Renta neta media por hogar;2018;""
Total Nacional;Navarra, Comunidad Foral de;Navarra;;Renta neta media por hogar;2017;""
Total Nacional;Navarra, Comunidad Foral de;Navarra;;Renta neta media por hogar;2016;""
Total Nacional;País Vasco;Araba/Álava;;Renta neta media por persona;2023;17.806
Total Nacional;País Vasco;Araba/Álava;;Renta neta media por persona;2022;16.403
Total Nacional;País Vasco;Araba/Álava;;Renta neta media por persona;2021;15.539
Total Nacional;País Vasco;Araba/Álava;;Renta neta media por persona;2020;14.962
Total Nacional;País Vasco;Araba/Álava;;Renta neta media por persona;2019;""
Total Nacional;País Vasco;Araba/Álava;;Renta neta media por persona;2018;""
Total Nacional;País Vasco;Araba/Álava;;Renta neta media por persona;2017;""
Total Nacional;País Vasco;Araba/Álava;;Renta neta media por persona;2016;""
Total Nacional;País Vasco;Araba/Álava;;Renta neta media por hogar;2023;41.914
Total Nacional;País Vasco;Araba/Álava;;Renta neta media por hogar;2022;38.586
Total Nacional;País Vasco;Araba/Álava;;Renta neta media por hogar;2021;36.546
Total Nacional;País Vasco;Araba/Álava;;Renta neta media por hogar;2020;35.412
Total Nacional;País Vasco;Araba/Álava;;Renta neta media por hogar;2019;""
Total Nacional;País Vasco;Araba/Álava;;Renta neta media por hogar;2018;""
Total Nacional;País Vasco;Araba/Álava;;Renta neta media por hogar;2017;""
Total Nacional;País Vasco;Araba/Álava;;Renta neta media por hogar;2016;""
Total Nacional;País Vasco;Bizkaia;;Renta neta media por persona;2023;18.738
Total Nacional;País Vasco;Bizkaia;;Renta neta media por persona;2022;17.225
Total Nacional;País Vasco;Bizkaia;;Renta neta media por persona;2021;16.192
Total Nacional;País Vasco;Bizkaia;;Renta neta media por persona;2020;15.555
Total Nacional;País Vasco;Bizkaia;;Renta neta media por persona;2019;15.547
Total Nacional;País Vasco;Bizkaia;;Renta neta media por persona;2018;15.047
Total Nacional;País Vasco;Bizkaia;;Renta neta media por persona;2017;14.605
Total Nacional;País Vasco;Bizkaia;;Renta neta media por persona;2016;14.216
Total Nacional;País Vasco;Bizkaia;;Renta neta media por hogar;2023;44.425
Total Nacional;País Vasco;Bizkaia;;Renta neta media por hogar;2022;40.694
Total Nacional;País Vasco;Bizkaia;;Renta neta media por hogar;2021;38.390
Total Nacional;País Vasco;Bizkaia;;Renta neta media por hogar;2020;37.242
Total Nacional;País Vasco;Bizkaia;;Renta neta media por hogar;2019;37.523
Total Nacional;País Vasco;Bizkaia;;Renta neta media por hogar;2018;36.364
Total Nacional;País Vasco;Bizkaia;;Renta neta media por hogar;2017;35.326
Total Nacional;País Vasco;Bizkaia;;Renta neta media por hogar;2016;34.622
Total Nacional;País Vasco;Gipuzkoa;;Renta neta media por persona;2023;19.616
Total Nacional;País Vasco;Gipuzkoa;;Renta neta media por persona;2022;18.325
Total Nacional;País Vasco;Gipuzkoa;;Renta neta media por persona;2021;16.887
Total Nacional;País Vasco;Gipuzkoa;;Renta neta media por persona;2020;16.399
Total Nacional;País Vasco;Gipuzkoa;;Renta neta media por persona;2019;16.463
Total Nacional;País Vasco;Gipuzkoa;;Renta neta media por persona;2018;15.891
Total Nacional;País Vasco;Gipuzkoa;;Renta neta media por persona;2017;15.372
Total Nacional;País Vasco;Gipuzkoa;;Renta neta media por persona;2016;15.090
Total Nacional;País Vasco;Gipuzkoa;;Renta neta media por hogar;2023;46.514
Total Nacional;País Vasco;Gipuzkoa;;Renta neta media por hogar;2022;43.392
Total Nacional;País Vasco;Gipuzkoa;;Renta neta media por hogar;2021;39.988
Total Nacional;País Vasco;Gipuzkoa;;Renta neta media por hogar;2020;39.023
Total Nacional;País Vasco;Gipuzkoa;;Renta neta media por hogar;2019;39.283
Total Nacional;País Vasco;Gipuzkoa;;Renta neta media por hogar;2018;37.797
Total Nacional;País Vasco;Gipuzkoa;;Renta neta media por hogar;2017;36.586
Total Nacional;País Vasco;Gipuzkoa;;Renta neta media por hogar;2016;35.751
Total Nacional;Rioja, La;Rioja, La;;Renta neta media por persona;2023;14.827
Total Nacional;Rioja, La;Rioja, La;;Renta neta media por persona;2022;13.864
Total Nacional;Rioja, La;Rioja, La;;Renta neta media por persona;2021;13.215
Total Nacional;Rioja, La;Rioja, La;;Renta neta media por persona;2020;12.738
Total Nacional;Rioja, La;Rioja, La;;Renta neta media por persona;2019;12.930
Total Nacional;Rioja, La;Rioja, La;;Renta neta media por persona;2018;12.460
Total Nacional;Rioja, La;Rioja, La;;Renta neta media por persona;2017;11.914
Total Nacional;Rioja, La;Rioja, La;;Renta neta media por persona;2016;11.536
Total Nacional;Rioja, La;Rioja, La;;Renta neta media por hogar;2023;35.555
Total Nacional;Rioja, La;Rioja, La;;Renta neta media por hogar;2022;33.314
Total Nacional;Rioja, La;Rioja, La;;Renta neta media por hogar;2021;31.884
Total Nacional;Rioja, La;Rioja, La;;Renta neta media por hogar;2020;30.843
Total Nacional;Rioja, La;Rioja, La;;Renta neta media por hogar;2019;31.535
Total Nacional;Rioja, La;Rioja, La;;Renta neta media por hogar;2018;30.286
Total Nacional;Rioja, La;Rioja, La;;Renta neta media por hogar;2017;29.070
Total Nacional;Rioja, La;Rioja, La;;Renta neta media por hogar;2016;28.333
Total Nacional;Ceuta;Ceuta;;Renta neta media por persona;2023;14.625
Total Nacional;Ceuta;Ceuta;;Renta neta media por persona;2022;13.673
Total Nacional;Ceuta;Ceuta;;Renta neta media por persona;2021;13.030
Total Nacional;Ceuta;Ceuta;;Renta neta media por persona;2020;12.358
Total Nacional;Ceuta;Ceuta;;Renta neta media por persona;2019;12.038
Total Nacional;Ceuta;Ceuta;;Renta neta media por persona;2018;11.448
Total Nacional;Ceuta;Ceuta;;Renta neta media por persona;2017;10.767
Total Nacional;Ceuta;Ceuta;;Renta neta media por persona;2016;10.696
Total Nacional;Ceuta;Ceuta;;Renta neta media por hogar;2023;44.907
Total Nacional;Ceuta;Ceuta;;Renta neta media por hogar;2022;42.318
Total Nacional;Ceuta;Ceuta;;Renta neta media por hogar;2021;40.660
Total Nacional;Ceuta;Ceuta;;Renta neta media por hogar;2020;39.330
Total Nacional;Ceuta;Ceuta;;Renta neta media por hogar;2019;38.628
Total Nacional;Ceuta;Ceuta;;Renta neta media por hogar;2018;37.090
Total Nacional;Ceuta;Ceuta;;Renta neta media por hogar;2017;35.274
Total Nacional;Ceuta;Ceuta;;Renta neta media por hogar;2016;35.381
Total Nacional;Melilla;Melilla;;Renta neta media por persona;2023;13.995
Total Nacional;Melilla;Melilla;;Renta neta media por persona;2022;13.140
Total Nacional;Melilla;Melilla;;Renta neta media por persona;2021;12.506
Total Nacional;Melilla;Melilla;;Renta neta media por persona;2020;11.665
Total Nacional;Melilla;Melilla;;Renta neta media por persona;2019;11.463
Total Nacional;Melilla;Melilla;;Renta neta media por persona;2018;10.925
Total Nacional;Melilla;Melilla;;Renta neta media por persona;2017;10.314
Total Nacional;Melilla;Melilla;;Renta neta media por persona;2016;10.176
Total Nacional;Melilla;Melilla;;Renta neta media por hogar;2023;45.989
Total Nacional;Melilla;Melilla;;Renta neta media por hogar;2022;43.422
Total Nacional;Melilla;Melilla;;Renta neta media por hogar;2021;41.846
Total Nacional;Melilla;Melilla;;Renta neta media por hogar;2020;39.868
Total Nacional;Melilla;Melilla;;Renta neta media por hogar;2019;39.730
Total Nacional;Melilla;Melilla;;Renta neta media por hogar;2018;37.829
Total Nacional;Melilla;Melilla;;Renta neta media por hogar;2017;36.128
Total Nacional;Melilla;Melilla;;Renta neta media por hogar;2016;35.748
