Sexo;Provincias;Tasas;Periodo;Total
Ambos sexos;02 Albacete;Tasa de actividad;2023T4;57,42
Ambos sexos;02 Albacete;Tasa de actividad;2022T4;58,46
Ambos sexos;02 Albacete;Tasa de actividad;2021T4;54,60
Ambos sexos;02 Albacete;Tasa de actividad;2020T4;58,90
Ambos sexos;02 Albacete;Tasa de actividad;2019T4;55,54
Ambos sexos;02 Albacete;Tasa de actividad;2018T4;59,13
Ambos sexos;02 Albacete;Tasa de actividad;2017T4;59,72
Ambos sexos;02 Albacete;Tasa de actividad;2016T4;56,01
Ambos sexos;02 Albacete;Tasa de paro de la población;2023T4;12,09
Ambos sexos;02 Albacete;Tasa de paro de la población;2022T4;11,11
Ambos sexos;02 Albacete;Tasa de paro de la población;2021T4;12,02
Ambos sexos;02 Albacete;Tasa de paro de la población;2020T4;17,44
Ambos sexos;02 Albacete;Tasa de paro de la población;2019T4;16,69
Ambos sexos;02 Albacete;Tasa de paro de la población;2018T4;17,59
Ambos sexos;02 Albacete;Tasa de paro de la población;2017T4;22,01
Ambos sexos;02 Albacete;Tasa de paro de la población;2016T4;23,31
Ambos sexos;02 Albacete;Tasa de empleo de la población;2023T4;50,47
Ambos sexos;02 Albacete;Tasa de empleo de la población;2022T4;51,96
Ambos sexos;02 Albacete;Tasa de empleo de la población;2021T4;48,04
Ambos sexos;02 Albacete;Tasa de empleo de la población;2020T4;48,63
Ambos sexos;02 Albacete;Tasa de empleo de la población;2019T4;46,27
Ambos sexos;02 Albacete;Tasa de empleo de la población;2018T4;48,73
Ambos sexos;02 Albacete;Tasa de empleo de la población;2017T4;46,57
Ambos sexos;02 Albacete;Tasa de empleo de la población;2016T4;42,96
Ambos sexos;03 Alicante/Alacant;Tasa de actividad;2023T4;58,64
Ambos sexos;03 Alicante/Alacant;Tasa de actividad;2022T4;59,98
Ambos sexos;03 Alicante/Alacant;Tasa de actividad;2021T4;57,96
Ambos sexos;03 Alicante/Alacant;Tasa de actividad;2020T4;56,99
Ambos sexos;03 Alicante/Alacant;Tasa de actividad;2019T4;59,24
Ambos sexos;03 Alicante/Alacant;Tasa de actividad;2018T4;56,73
Ambos sexos;03 Alicante/Alacant;Tasa de actividad;2017T4;58,43
Ambos sexos;03 Alicante/Alacant;Tasa de actividad;2016T4;58,59
Ambos sexos;03 Alicante/Alacant;Tasa de paro de la población;2023T4;13,33
Ambos sexos;03 Alicante/Alacant;Tasa de paro de la población;2022T4;15,57
Ambos sexos;03 Alicante/Alacant;Tasa de paro de la población;2021T4;18,91
Ambos sexos;03 Alicante/Alacant;Tasa de paro de la población;2020T4;19,41
Ambos sexos;03 Alicante/Alacant;Tasa de paro de la población;2019T4;15,68
Ambos sexos;03 Alicante/Alacant;Tasa de paro de la población;2018T4;15,63
Ambos sexos;03 Alicante/Alacant;Tasa de paro de la población;2017T4;17,96
Ambos sexos;03 Alicante/Alacant;Tasa de paro de la población;2016T4;18,21
Ambos sexos;03 Alicante/Alacant;Tasa de empleo de la población;2023T4;50,83
Ambos sexos;03 Alicante/Alacant;Tasa de empleo de la población;2022T4;50,63
Ambos sexos;03 Alicante/Alacant;Tasa de empleo de la población;2021T4;47,00
Ambos sexos;03 Alicante/Alacant;Tasa de empleo de la población;2020T4;45,92
Ambos sexos;03 Alicante/Alacant;Tasa de empleo de la población;2019T4;49,95
Ambos sexos;03 Alicante/Alacant;Tasa de empleo de la población;2018T4;47,86
Ambos sexos;03 Alicante/Alacant;Tasa de empleo de la población;2017T4;47,94
Ambos sexos;03 Alicante/Alacant;Tasa de empleo de la población;2016T4;47,93
Ambos sexos;04 Almería;Tasa de actividad;2023T4;59,17
Ambos sexos;04 Almería;Tasa de actividad;2022T4;62,11
Ambos sexos;04 Almería;Tasa de actividad;2021T4;62,89
Ambos sexos;04 Almería;Tasa de actividad;2020T4;59,73
Ambos sexos;04 Almería;Tasa de actividad;2019T4;60,72
Ambos sexos;04 Almería;Tasa de actividad;2018T4;59,33
Ambos sexos;04 Almería;Tasa de actividad;2017T4;62,55
Ambos sexos;04 Almería;Tasa de actividad;2016T4;61,37
Ambos sexos;04 Almería;Tasa de paro de la población;2023T4;14,58
Ambos sexos;04 Almería;Tasa de paro de la población;2022T4;16,36
Ambos sexos;04 Almería;Tasa de paro de la población;2021T4;15,86
Ambos sexos;04 Almería;Tasa de paro de la población;2020T4;21,15
Ambos sexos;04 Almería;Tasa de paro de la población;2019T4;18,53
Ambos sexos;04 Almería;Tasa de paro de la población;2018T4;18,77
Ambos sexos;04 Almería;Tasa de paro de la población;2017T4;25,43
Ambos sexos;04 Almería;Tasa de paro de la población;2016T4;24,84
Ambos sexos;04 Almería;Tasa de empleo de la población;2023T4;50,54
Ambos sexos;04 Almería;Tasa de empleo de la población;2022T4;51,95
Ambos sexos;04 Almería;Tasa de empleo de la población;2021T4;52,92
Ambos sexos;04 Almería;Tasa de empleo de la población;2020T4;47,09
Ambos sexos;04 Almería;Tasa de empleo de la población;2019T4;49,47
Ambos sexos;04 Almería;Tasa de empleo de la población;2018T4;48,20
Ambos sexos;04 Almería;Tasa de empleo de la población;2017T4;46,64
Ambos sexos;04 Almería;Tasa de empleo de la población;2016T4;46,13
Ambos sexos;01 Araba/Álava;Tasa de actividad;2023T4;56,43
Ambos sexos;01 Araba/Álava;Tasa de actividad;2022T4;58,57
Ambos sexos;01 Araba/Álava;Tasa de actividad;2021T4;58,91
Ambos sexos;01 Araba/Álava;Tasa de actividad;2020T4;55,11
Ambos sexos;01 Araba/Álava;Tasa de actividad;2019T4;56,40
Ambos sexos;01 Araba/Álava;Tasa de actividad;2018T4;58,13
Ambos sexos;01 Araba/Álava;Tasa de actividad;2017T4;57,96
Ambos sexos;01 Araba/Álava;Tasa de actividad;2016T4;58,85
Ambos sexos;01 Araba/Álava;Tasa de paro de la población;2023T4;5,26
Ambos sexos;01 Araba/Álava;Tasa de paro de la población;2022T4;7,87
Ambos sexos;01 Araba/Álava;Tasa de paro de la población;2021T4;9,48
Ambos sexos;01 Araba/Álava;Tasa de paro de la población;2020T4;9,99
Ambos sexos;01 Araba/Álava;Tasa de paro de la población;2019T4;7,31
Ambos sexos;01 Araba/Álava;Tasa de paro de la población;2018T4;7,39
Ambos sexos;01 Araba/Álava;Tasa de paro de la población;2017T4;9,04
Ambos sexos;01 Araba/Álava;Tasa de paro de la población;2016T4;11,97
Ambos sexos;01 Araba/Álava;Tasa de empleo de la población;2023T4;53,47
Ambos sexos;01 Araba/Álava;Tasa de empleo de la población;2022T4;53,96
Ambos sexos;01 Araba/Álava;Tasa de empleo de la población;2021T4;53,32
Ambos sexos;01 Araba/Álava;Tasa de empleo de la población;2020T4;49,60
Ambos sexos;01 Araba/Álava;Tasa de empleo de la población;2019T4;52,28
Ambos sexos;01 Araba/Álava;Tasa de empleo de la población;2018T4;53,83
Ambos sexos;01 Araba/Álava;Tasa de empleo de la población;2017T4;52,72
Ambos sexos;01 Araba/Álava;Tasa de empleo de la población;2016T4;51,80
Ambos sexos;33 Asturias;Tasa de actividad;2023T4;50,05
Ambos sexos;33 Asturias;Tasa de actividad;2022T4;49,74
Ambos sexos;33 Asturias;Tasa de actividad;2021T4;49,75
Ambos sexos;33 Asturias;Tasa de actividad;2020T4;50,18
Ambos sexos;33 Asturias;Tasa de actividad;2019T4;50,77
Ambos sexos;33 Asturias;Tasa de actividad;2018T4;50,27
Ambos sexos;33 Asturias;Tasa de actividad;2017T4;50,67
Ambos sexos;33 Asturias;Tasa de actividad;2016T4;50,90
Ambos sexos;33 Asturias;Tasa de paro de la población;2023T4;11,62
Ambos sexos;33 Asturias;Tasa de paro de la población;2022T4;14,18
Ambos sexos;33 Asturias;Tasa de paro de la población;2021T4;10,10
Ambos sexos;33 Asturias;Tasa de paro de la población;2020T4;13,50
Ambos sexos;33 Asturias;Tasa de paro de la población;2019T4;13,14
Ambos sexos;33 Asturias;Tasa de paro de la población;2018T4;12,86
Ambos sexos;33 Asturias;Tasa de paro de la población;2017T4;14,64
Ambos sexos;33 Asturias;Tasa de paro de la población;2016T4;14,59
Ambos sexos;33 Asturias;Tasa de empleo de la población;2023T4;44,23
Ambos sexos;33 Asturias;Tasa de empleo de la población;2022T4;42,69
Ambos sexos;33 Asturias;Tasa de empleo de la población;2021T4;44,72
Ambos sexos;33 Asturias;Tasa de empleo de la población;2020T4;43,41
Ambos sexos;33 Asturias;Tasa de empleo de la población;2019T4;44,10
Ambos sexos;33 Asturias;Tasa de empleo de la población;2018T4;43,81
Ambos sexos;33 Asturias;Tasa de empleo de la población;2017T4;43,25
Ambos sexos;33 Asturias;Tasa de empleo de la población;2016T4;43,48
Ambos sexos;05 Ávila;Tasa de actividad;2023T4;52,02
Ambos sexos;05 Ávila;Tasa de actividad;2022T4;54,34
Ambos sexos;05 Ávila;Tasa de actividad;2021T4;53,48
Ambos sexos;05 Ávila;Tasa de actividad;2020T4;55,63
Ambos sexos;05 Ávila;Tasa de actividad;2019T4;54,70
Ambos sexos;05 Ávila;Tasa de actividad;2018T4;52,82
Ambos sexos;05 Ávila;Tasa de actividad;2017T4;53,32
Ambos sexos;05 Ávila;Tasa de actividad;2016T4;55,87
Ambos sexos;05 Ávila;Tasa de paro de la población;2023T4;11,27
Ambos sexos;05 Ávila;Tasa de paro de la población;2022T4;11,39
Ambos sexos;05 Ávila;Tasa de paro de la población;2021T4;15,66
Ambos sexos;05 Ávila;Tasa de paro de la población;2020T4;16,06
Ambos sexos;05 Ávila;Tasa de paro de la población;2019T4;13,57
Ambos sexos;05 Ávila;Tasa de paro de la población;2018T4;13,53
Ambos sexos;05 Ávila;Tasa de paro de la población;2017T4;18,34
Ambos sexos;05 Ávila;Tasa de paro de la población;2016T4;17,16
Ambos sexos;05 Ávila;Tasa de empleo de la población;2023T4;46,15
Ambos sexos;05 Ávila;Tasa de empleo de la población;2022T4;48,15
Ambos sexos;05 Ávila;Tasa de empleo de la población;2021T4;45,10
Ambos sexos;05 Ávila;Tasa de empleo de la población;2020T4;46,69
Ambos sexos;05 Ávila;Tasa de empleo de la población;2019T4;47,27
Ambos sexos;05 Ávila;Tasa de empleo de la población;2018T4;45,67
Ambos sexos;05 Ávila;Tasa de empleo de la población;2017T4;43,54
Ambos sexos;05 Ávila;Tasa de empleo de la población;2016T4;46,28
Ambos sexos;06 Badajoz;Tasa de actividad;2023T4;56,49
Ambos sexos;06 Badajoz;Tasa de actividad;2022T4;56,34
Ambos sexos;06 Badajoz;Tasa de actividad;2021T4;54,98
Ambos sexos;06 Badajoz;Tasa de actividad;2020T4;55,73
Ambos sexos;06 Badajoz;Tasa de actividad;2019T4;56,16
Ambos sexos;06 Badajoz;Tasa de actividad;2018T4;56,40
Ambos sexos;06 Badajoz;Tasa de actividad;2017T4;55,85
Ambos sexos;06 Badajoz;Tasa de actividad;2016T4;56,35
Ambos sexos;06 Badajoz;Tasa de paro de la población;2023T4;17,60
Ambos sexos;06 Badajoz;Tasa de paro de la población;2022T4;18,81
Ambos sexos;06 Badajoz;Tasa de paro de la población;2021T4;20,33
Ambos sexos;06 Badajoz;Tasa de paro de la población;2020T4;22,91
Ambos sexos;06 Badajoz;Tasa de paro de la población;2019T4;24,64
Ambos sexos;06 Badajoz;Tasa de paro de la población;2018T4;24,10
Ambos sexos;06 Badajoz;Tasa de paro de la población;2017T4;27,01
Ambos sexos;06 Badajoz;Tasa de paro de la población;2016T4;31,75
Ambos sexos;06 Badajoz;Tasa de empleo de la población;2023T4;46,55
Ambos sexos;06 Badajoz;Tasa de empleo de la población;2022T4;45,74
Ambos sexos;06 Badajoz;Tasa de empleo de la población;2021T4;43,81
Ambos sexos;06 Badajoz;Tasa de empleo de la población;2020T4;42,96
Ambos sexos;06 Badajoz;Tasa de empleo de la población;2019T4;42,32
Ambos sexos;06 Badajoz;Tasa de empleo de la población;2018T4;42,80
Ambos sexos;06 Badajoz;Tasa de empleo de la población;2017T4;40,76
Ambos sexos;06 Badajoz;Tasa de empleo de la población;2016T4;38,46
Ambos sexos;07 Balears, Illes;Tasa de actividad;2023T4;60,93
Ambos sexos;07 Balears, Illes;Tasa de actividad;2022T4;60,86
Ambos sexos;07 Balears, Illes;Tasa de actividad;2021T4;61,26
Ambos sexos;07 Balears, Illes;Tasa de actividad;2020T4;61,79
Ambos sexos;07 Balears, Illes;Tasa de actividad;2019T4;62,37
Ambos sexos;07 Balears, Illes;Tasa de actividad;2018T4;62,88
Ambos sexos;07 Balears, Illes;Tasa de actividad;2017T4;61,59
Ambos sexos;07 Balears, Illes;Tasa de actividad;2016T4;62,50
Ambos sexos;07 Balears, Illes;Tasa de paro de la población;2023T4;11,16
Ambos sexos;07 Balears, Illes;Tasa de paro de la población;2022T4;10,70
Ambos sexos;07 Balears, Illes;Tasa de paro de la población;2021T4;14,58
Ambos sexos;07 Balears, Illes;Tasa de paro de la población;2020T4;17,34
Ambos sexos;07 Balears, Illes;Tasa de paro de la población;2019T4;9,91
Ambos sexos;07 Balears, Illes;Tasa de paro de la población;2018T4;10,91
Ambos sexos;07 Balears, Illes;Tasa de paro de la población;2017T4;12,61
Ambos sexos;07 Balears, Illes;Tasa de paro de la población;2016T4;13,80
Ambos sexos;07 Balears, Illes;Tasa de empleo de la población;2023T4;54,13
Ambos sexos;07 Balears, Illes;Tasa de empleo de la población;2022T4;54,35
Ambos sexos;07 Balears, Illes;Tasa de empleo de la población;2021T4;52,33
Ambos sexos;07 Balears, Illes;Tasa de empleo de la población;2020T4;51,08
Ambos sexos;07 Balears, Illes;Tasa de empleo de la población;2019T4;56,19
Ambos sexos;07 Balears, Illes;Tasa de empleo de la población;2018T4;56,02
Ambos sexos;07 Balears, Illes;Tasa de empleo de la población;2017T4;53,82
Ambos sexos;07 Balears, Illes;Tasa de empleo de la población;2016T4;53,88
Ambos sexos;08 Barcelona;Tasa de actividad;2023T4;63,02
Ambos sexos;08 Barcelona;Tasa de actividad;2022T4;61,21
Ambos sexos;08 Barcelona;Tasa de actividad;2021T4;61,61
Ambos sexos;08 Barcelona;Tasa de actividad;2020T4;61,35
Ambos sexos;08 Barcelona;Tasa de actividad;2019T4;61,70
Ambos sexos;08 Barcelona;Tasa de actividad;2018T4;61,89
Ambos sexos;08 Barcelona;Tasa de actividad;2017T4;62,04
Ambos sexos;08 Barcelona;Tasa de actividad;2016T4;62,33
Ambos sexos;08 Barcelona;Tasa de paro de la población;2023T4;8,64
Ambos sexos;08 Barcelona;Tasa de paro de la población;2022T4;10,54
Ambos sexos;08 Barcelona;Tasa de paro de la población;2021T4;9,61
Ambos sexos;08 Barcelona;Tasa de paro de la población;2020T4;13,67
Ambos sexos;08 Barcelona;Tasa de paro de la población;2019T4;10,47
Ambos sexos;08 Barcelona;Tasa de paro de la población;2018T4;11,34
Ambos sexos;08 Barcelona;Tasa de paro de la población;2017T4;12,13
Ambos sexos;08 Barcelona;Tasa de paro de la población;2016T4;14,73
Ambos sexos;08 Barcelona;Tasa de empleo de la población;2023T4;57,58
Ambos sexos;08 Barcelona;Tasa de empleo de la población;2022T4;54,76
Ambos sexos;08 Barcelona;Tasa de empleo de la población;2021T4;55,69
Ambos sexos;08 Barcelona;Tasa de empleo de la población;2020T4;52,97
Ambos sexos;08 Barcelona;Tasa de empleo de la población;2019T4;55,24
Ambos sexos;08 Barcelona;Tasa de empleo de la población;2018T4;54,87
Ambos sexos;08 Barcelona;Tasa de empleo de la población;2017T4;54,52
Ambos sexos;08 Barcelona;Tasa de empleo de la población;2016T4;53,15
Ambos sexos;48 Bizkaia;Tasa de actividad;2023T4;58,49
Ambos sexos;48 Bizkaia;Tasa de actividad;2022T4;56,72
Ambos sexos;48 Bizkaia;Tasa de actividad;2021T4;57,07
Ambos sexos;48 Bizkaia;Tasa de actividad;2020T4;54,66
Ambos sexos;48 Bizkaia;Tasa de actividad;2019T4;55,42
Ambos sexos;48 Bizkaia;Tasa de actividad;2018T4;56,22
Ambos sexos;48 Bizkaia;Tasa de actividad;2017T4;56,02
Ambos sexos;48 Bizkaia;Tasa de actividad;2016T4;56,84
Ambos sexos;48 Bizkaia;Tasa de paro de la población;2023T4;6,68
Ambos sexos;48 Bizkaia;Tasa de paro de la población;2022T4;9,05
Ambos sexos;48 Bizkaia;Tasa de paro de la población;2021T4;10,04
Ambos sexos;48 Bizkaia;Tasa de paro de la población;2020T4;11,86
Ambos sexos;48 Bizkaia;Tasa de paro de la población;2019T4;10,58
Ambos sexos;48 Bizkaia;Tasa de paro de la población;2018T4;11,47
Ambos sexos;48 Bizkaia;Tasa de paro de la población;2017T4;12,34
Ambos sexos;48 Bizkaia;Tasa de paro de la población;2016T4;13,75
Ambos sexos;48 Bizkaia;Tasa de empleo de la población;2023T4;54,59
Ambos sexos;48 Bizkaia;Tasa de empleo de la población;2022T4;51,59
Ambos sexos;48 Bizkaia;Tasa de empleo de la población;2021T4;51,34
Ambos sexos;48 Bizkaia;Tasa de empleo de la población;2020T4;48,18
Ambos sexos;48 Bizkaia;Tasa de empleo de la población;2019T4;49,56
Ambos sexos;48 Bizkaia;Tasa de empleo de la población;2018T4;49,77
Ambos sexos;48 Bizkaia;Tasa de empleo de la población;2017T4;49,11
Ambos sexos;48 Bizkaia;Tasa de empleo de la población;2016T4;49,03
Ambos sexos;09 Burgos;Tasa de actividad;2023T4;57,25
Ambos sexos;09 Burgos;Tasa de actividad;2022T4;58,25
Ambos sexos;09 Burgos;Tasa de actividad;2021T4;57,78
Ambos sexos;09 Burgos;Tasa de actividad;2020T4;57,01
Ambos sexos;09 Burgos;Tasa de actividad;2019T4;57,58
Ambos sexos;09 Burgos;Tasa de actividad;2018T4;58,24
Ambos sexos;09 Burgos;Tasa de actividad;2017T4;56,80
Ambos sexos;09 Burgos;Tasa de actividad;2016T4;59,21
Ambos sexos;09 Burgos;Tasa de paro de la población;2023T4;8,18
Ambos sexos;09 Burgos;Tasa de paro de la población;2022T4;7,22
Ambos sexos;09 Burgos;Tasa de paro de la población;2021T4;9,65
Ambos sexos;09 Burgos;Tasa de paro de la población;2020T4;9,40
Ambos sexos;09 Burgos;Tasa de paro de la población;2019T4;9,34
Ambos sexos;09 Burgos;Tasa de paro de la población;2018T4;10,96
Ambos sexos;09 Burgos;Tasa de paro de la población;2017T4;11,08
Ambos sexos;09 Burgos;Tasa de paro de la población;2016T4;10,47
Ambos sexos;09 Burgos;Tasa de empleo de la población;2023T4;52,57
Ambos sexos;09 Burgos;Tasa de empleo de la población;2022T4;54,05
Ambos sexos;09 Burgos;Tasa de empleo de la población;2021T4;52,21
Ambos sexos;09 Burgos;Tasa de empleo de la población;2020T4;51,65
Ambos sexos;09 Burgos;Tasa de empleo de la población;2019T4;52,20
Ambos sexos;09 Burgos;Tasa de empleo de la población;2018T4;51,86
Ambos sexos;09 Burgos;Tasa de empleo de la población;2017T4;50,51
Ambos sexos;09 Burgos;Tasa de empleo de la población;2016T4;53,01
Ambos sexos;10 Cáceres;Tasa de actividad;2023T4;53,22
Ambos sexos;10 Cáceres;Tasa de actividad;2022T4;52,40
Ambos sexos;10 Cáceres;Tasa de actividad;2021T4;53,81
Ambos sexos;10 Cáceres;Tasa de actividad;2020T4;53,54
Ambos sexos;10 Cáceres;Tasa de actividad;2019T4;54,81
Ambos sexos;10 Cáceres;Tasa de actividad;2018T4;53,42
Ambos sexos;10 Cáceres;Tasa de actividad;2017T4;52,96
Ambos sexos;10 Cáceres;Tasa de actividad;2016T4;52,55
Ambos sexos;10 Cáceres;Tasa de paro de la población;2023T4;13,79
Ambos sexos;10 Cáceres;Tasa de paro de la población;2022T4;15,25
Ambos sexos;10 Cáceres;Tasa de paro de la población;2021T4;17,63
Ambos sexos;10 Cáceres;Tasa de paro de la población;2020T4;18,52
Ambos sexos;10 Cáceres;Tasa de paro de la población;2019T4;21,48
Ambos sexos;10 Cáceres;Tasa de paro de la población;2018T4;21,30
Ambos sexos;10 Cáceres;Tasa de paro de la población;2017T4;21,75
Ambos sexos;10 Cáceres;Tasa de paro de la población;2016T4;22,12
Ambos sexos;10 Cáceres;Tasa de empleo de la población;2023T4;45,88
Ambos sexos;10 Cáceres;Tasa de empleo de la población;2022T4;44,41
Ambos sexos;10 Cáceres;Tasa de empleo de la población;2021T4;44,32
Ambos sexos;10 Cáceres;Tasa de empleo de la población;2020T4;43,63
Ambos sexos;10 Cáceres;Tasa de empleo de la población;2019T4;43,04
Ambos sexos;10 Cáceres;Tasa de empleo de la población;2018T4;42,04
Ambos sexos;10 Cáceres;Tasa de empleo de la población;2017T4;41,44
Ambos sexos;10 Cáceres;Tasa de empleo de la población;2016T4;40,93
Ambos sexos;11 Cádiz;Tasa de actividad;2023T4;53,72
Ambos sexos;11 Cádiz;Tasa de actividad;2022T4;53,70
Ambos sexos;11 Cádiz;Tasa de actividad;2021T4;55,13
Ambos sexos;11 Cádiz;Tasa de actividad;2020T4;55,17
Ambos sexos;11 Cádiz;Tasa de actividad;2019T4;54,14
Ambos sexos;11 Cádiz;Tasa de actividad;2018T4;54,30
Ambos sexos;11 Cádiz;Tasa de actividad;2017T4;54,92
Ambos sexos;11 Cádiz;Tasa de actividad;2016T4;56,45
Ambos sexos;11 Cádiz;Tasa de paro de la población;2023T4;20,74
Ambos sexos;11 Cádiz;Tasa de paro de la población;2022T4;25,00
Ambos sexos;11 Cádiz;Tasa de paro de la población;2021T4;25,92
Ambos sexos;11 Cádiz;Tasa de paro de la población;2020T4;24,91
Ambos sexos;11 Cádiz;Tasa de paro de la población;2019T4;24,70
Ambos sexos;11 Cádiz;Tasa de paro de la población;2018T4;27,35
Ambos sexos;11 Cádiz;Tasa de paro de la población;2017T4;30,01
Ambos sexos;11 Cádiz;Tasa de paro de la población;2016T4;33,86
Ambos sexos;11 Cádiz;Tasa de empleo de la población;2023T4;42,57
Ambos sexos;11 Cádiz;Tasa de empleo de la población;2022T4;40,28
Ambos sexos;11 Cádiz;Tasa de empleo de la población;2021T4;40,84
Ambos sexos;11 Cádiz;Tasa de empleo de la población;2020T4;41,42
Ambos sexos;11 Cádiz;Tasa de empleo de la población;2019T4;40,77
Ambos sexos;11 Cádiz;Tasa de empleo de la población;2018T4;39,45
Ambos sexos;11 Cádiz;Tasa de empleo de la población;2017T4;38,44
Ambos sexos;11 Cádiz;Tasa de empleo de la población;2016T4;37,34
Ambos sexos;39 Cantabria;Tasa de actividad;2023T4;54,45
Ambos sexos;39 Cantabria;Tasa de actividad;2022T4;54,15
Ambos sexos;39 Cantabria;Tasa de actividad;2021T4;54,96
Ambos sexos;39 Cantabria;Tasa de actividad;2020T4;54,12
Ambos sexos;39 Cantabria;Tasa de actividad;2019T4;55,73
Ambos sexos;39 Cantabria;Tasa de actividad;2018T4;54,29
Ambos sexos;39 Cantabria;Tasa de actividad;2017T4;55,85
Ambos sexos;39 Cantabria;Tasa de actividad;2016T4;56,20
Ambos sexos;39 Cantabria;Tasa de paro de la población;2023T4;7,39
Ambos sexos;39 Cantabria;Tasa de paro de la población;2022T4;10,53
Ambos sexos;39 Cantabria;Tasa de paro de la población;2021T4;11,58
Ambos sexos;39 Cantabria;Tasa de paro de la población;2020T4;11,79
Ambos sexos;39 Cantabria;Tasa de paro de la población;2019T4;11,18
Ambos sexos;39 Cantabria;Tasa de paro de la población;2018T4;9,68
Ambos sexos;39 Cantabria;Tasa de paro de la población;2017T4;13,49
Ambos sexos;39 Cantabria;Tasa de paro de la población;2016T4;12,89
Ambos sexos;39 Cantabria;Tasa de empleo de la población;2023T4;50,43
Ambos sexos;39 Cantabria;Tasa de empleo de la población;2022T4;48,44
Ambos sexos;39 Cantabria;Tasa de empleo de la población;2021T4;48,60
Ambos sexos;39 Cantabria;Tasa de empleo de la población;2020T4;47,74
Ambos sexos;39 Cantabria;Tasa de empleo de la población;2019T4;49,50
Ambos sexos;39 Cantabria;Tasa de empleo de la población;2018T4;49,04
Ambos sexos;39 Cantabria;Tasa de empleo de la población;2017T4;48,32
Ambos sexos;39 Cantabria;Tasa de empleo de la población;2016T4;48,95
Ambos sexos;12 Castellón/Castelló;Tasa de actividad;2023T4;55,08
Ambos sexos;12 Castellón/Castelló;Tasa de actividad;2022T4;55,88
Ambos sexos;12 Castellón/Castelló;Tasa de actividad;2021T4;56,29
Ambos sexos;12 Castellón/Castelló;Tasa de actividad;2020T4;58,00
Ambos sexos;12 Castellón/Castelló;Tasa de actividad;2019T4;59,38
Ambos sexos;12 Castellón/Castelló;Tasa de actividad;2018T4;57,74
Ambos sexos;12 Castellón/Castelló;Tasa de actividad;2017T4;57,91
Ambos sexos;12 Castellón/Castelló;Tasa de actividad;2016T4;57,33
Ambos sexos;12 Castellón/Castelló;Tasa de paro de la población;2023T4;15,00
Ambos sexos;12 Castellón/Castelló;Tasa de paro de la población;2022T4;14,16
Ambos sexos;12 Castellón/Castelló;Tasa de paro de la población;2021T4;11,20
Ambos sexos;12 Castellón/Castelló;Tasa de paro de la población;2020T4;14,12
Ambos sexos;12 Castellón/Castelló;Tasa de paro de la población;2019T4;14,29
Ambos sexos;12 Castellón/Castelló;Tasa de paro de la población;2018T4;15,11
Ambos sexos;12 Castellón/Castelló;Tasa de paro de la población;2017T4;14,37
Ambos sexos;12 Castellón/Castelló;Tasa de paro de la población;2016T4;17,11
Ambos sexos;12 Castellón/Castelló;Tasa de empleo de la población;2023T4;46,82
Ambos sexos;12 Castellón/Castelló;Tasa de empleo de la población;2022T4;47,96
Ambos sexos;12 Castellón/Castelló;Tasa de empleo de la población;2021T4;49,98
Ambos sexos;12 Castellón/Castelló;Tasa de empleo de la población;2020T4;49,81
Ambos sexos;12 Castellón/Castelló;Tasa de empleo de la población;2019T4;50,89
Ambos sexos;12 Castellón/Castelló;Tasa de empleo de la población;2018T4;49,02
Ambos sexos;12 Castellón/Castelló;Tasa de empleo de la población;2017T4;49,59
Ambos sexos;12 Castellón/Castelló;Tasa de empleo de la población;2016T4;47,52
Ambos sexos;13 Ciudad Real;Tasa de actividad;2023T4;54,81
Ambos sexos;13 Ciudad Real;Tasa de actividad;2022T4;55,85
Ambos sexos;13 Ciudad Real;Tasa de actividad;2021T4;55,81
Ambos sexos;13 Ciudad Real;Tasa de actividad;2020T4;54,46
Ambos sexos;13 Ciudad Real;Tasa de actividad;2019T4;56,39
Ambos sexos;13 Ciudad Real;Tasa de actividad;2018T4;54,98
Ambos sexos;13 Ciudad Real;Tasa de actividad;2017T4;56,16
Ambos sexos;13 Ciudad Real;Tasa de actividad;2016T4;55,95
Ambos sexos;13 Ciudad Real;Tasa de paro de la población;2023T4;15,78
Ambos sexos;13 Ciudad Real;Tasa de paro de la población;2022T4;21,54
Ambos sexos;13 Ciudad Real;Tasa de paro de la población;2021T4;16,24
Ambos sexos;13 Ciudad Real;Tasa de paro de la población;2020T4;17,49
Ambos sexos;13 Ciudad Real;Tasa de paro de la población;2019T4;19,34
Ambos sexos;13 Ciudad Real;Tasa de paro de la población;2018T4;16,82
Ambos sexos;13 Ciudad Real;Tasa de paro de la población;2017T4;23,30
Ambos sexos;13 Ciudad Real;Tasa de paro de la población;2016T4;25,09
Ambos sexos;13 Ciudad Real;Tasa de empleo de la población;2023T4;46,16
Ambos sexos;13 Ciudad Real;Tasa de empleo de la población;2022T4;43,82
Ambos sexos;13 Ciudad Real;Tasa de empleo de la población;2021T4;46,74
Ambos sexos;13 Ciudad Real;Tasa de empleo de la población;2020T4;44,94
Ambos sexos;13 Ciudad Real;Tasa de empleo de la población;2019T4;45,49
Ambos sexos;13 Ciudad Real;Tasa de empleo de la población;2018T4;45,73
Ambos sexos;13 Ciudad Real;Tasa de empleo de la población;2017T4;43,08
Ambos sexos;13 Ciudad Real;Tasa de empleo de la población;2016T4;41,91
Ambos sexos;14 Córdoba;Tasa de actividad;2023T4;55,93
Ambos sexos;14 Córdoba;Tasa de actividad;2022T4;54,56
Ambos sexos;14 Córdoba;Tasa de actividad;2021T4;57,00
Ambos sexos;14 Córdoba;Tasa de actividad;2020T4;57,91
Ambos sexos;14 Córdoba;Tasa de actividad;2019T4;56,78
Ambos sexos;14 Córdoba;Tasa de actividad;2018T4;55,79
Ambos sexos;14 Córdoba;Tasa de actividad;2017T4;56,80
Ambos sexos;14 Córdoba;Tasa de actividad;2016T4;57,77
Ambos sexos;14 Córdoba;Tasa de paro de la población;2023T4;15,50
Ambos sexos;14 Córdoba;Tasa de paro de la población;2022T4;17,88
Ambos sexos;14 Córdoba;Tasa de paro de la población;2021T4;17,46
Ambos sexos;14 Córdoba;Tasa de paro de la población;2020T4;23,75
Ambos sexos;14 Córdoba;Tasa de paro de la población;2019T4;23,70
Ambos sexos;14 Córdoba;Tasa de paro de la población;2018T4;22,47
Ambos sexos;14 Córdoba;Tasa de paro de la población;2017T4;27,00
Ambos sexos;14 Córdoba;Tasa de paro de la población;2016T4;29,42
Ambos sexos;14 Córdoba;Tasa de empleo de la población;2023T4;47,26
Ambos sexos;14 Córdoba;Tasa de empleo de la población;2022T4;44,80
Ambos sexos;14 Córdoba;Tasa de empleo de la población;2021T4;47,04
Ambos sexos;14 Córdoba;Tasa de empleo de la población;2020T4;44,16
Ambos sexos;14 Córdoba;Tasa de empleo de la población;2019T4;43,32
Ambos sexos;14 Córdoba;Tasa de empleo de la población;2018T4;43,26
Ambos sexos;14 Córdoba;Tasa de empleo de la población;2017T4;41,46
Ambos sexos;14 Córdoba;Tasa de empleo de la población;2016T4;40,78
Ambos sexos;15 Coruńa, A;Tasa de actividad;2023T4;53,26
Ambos sexos;15 Coruńa, A;Tasa de actividad;2022T4;52,90
Ambos sexos;15 Coruńa, A;Tasa de actividad;2021T4;53,06
Ambos sexos;15 Coruńa, A;Tasa de actividad;2020T4;53,00
Ambos sexos;15 Coruńa, A;Tasa de actividad;2019T4;54,75
Ambos sexos;15 Coruńa, A;Tasa de actividad;2018T4;54,51
Ambos sexos;15 Coruńa, A;Tasa de actividad;2017T4;54,53
Ambos sexos;15 Coruńa, A;Tasa de actividad;2016T4;55,21
Ambos sexos;15 Coruńa, A;Tasa de paro de la población;2023T4;8,44
Ambos sexos;15 Coruńa, A;Tasa de paro de la población;2022T4;10,05
Ambos sexos;15 Coruńa, A;Tasa de paro de la población;2021T4;10,34
Ambos sexos;15 Coruńa, A;Tasa de paro de la población;2020T4;11,63
Ambos sexos;15 Coruńa, A;Tasa de paro de la población;2019T4;10,29
Ambos sexos;15 Coruńa, A;Tasa de paro de la población;2018T4;10,70
Ambos sexos;15 Coruńa, A;Tasa de paro de la población;2017T4;13,47
Ambos sexos;15 Coruńa, A;Tasa de paro de la población;2016T4;14,49
Ambos sexos;15 Coruńa, A;Tasa de empleo de la población;2023T4;48,76
Ambos sexos;15 Coruńa, A;Tasa de empleo de la población;2022T4;47,58
Ambos sexos;15 Coruńa, A;Tasa de empleo de la población;2021T4;47,57
Ambos sexos;15 Coruńa, A;Tasa de empleo de la población;2020T4;46,83
Ambos sexos;15 Coruńa, A;Tasa de empleo de la población;2019T4;49,12
Ambos sexos;15 Coruńa, A;Tasa de empleo de la población;2018T4;48,68
Ambos sexos;15 Coruńa, A;Tasa de empleo de la población;2017T4;47,19
Ambos sexos;15 Coruńa, A;Tasa de empleo de la población;2016T4;47,21
Ambos sexos;16 Cuenca;Tasa de actividad;2023T4;56,36
Ambos sexos;16 Cuenca;Tasa de actividad;2022T4;54,33
Ambos sexos;16 Cuenca;Tasa de actividad;2021T4;55,70
Ambos sexos;16 Cuenca;Tasa de actividad;2020T4;54,85
Ambos sexos;16 Cuenca;Tasa de actividad;2019T4;56,10
Ambos sexos;16 Cuenca;Tasa de actividad;2018T4;57,33
Ambos sexos;16 Cuenca;Tasa de actividad;2017T4;55,81
Ambos sexos;16 Cuenca;Tasa de actividad;2016T4;56,28
Ambos sexos;16 Cuenca;Tasa de paro de la población;2023T4;11,30
Ambos sexos;16 Cuenca;Tasa de paro de la población;2022T4;8,03
Ambos sexos;16 Cuenca;Tasa de paro de la población;2021T4;9,42
Ambos sexos;16 Cuenca;Tasa de paro de la población;2020T4;12,73
Ambos sexos;16 Cuenca;Tasa de paro de la población;2019T4;14,61
Ambos sexos;16 Cuenca;Tasa de paro de la población;2018T4;13,69
Ambos sexos;16 Cuenca;Tasa de paro de la población;2017T4;17,18
Ambos sexos;16 Cuenca;Tasa de paro de la población;2016T4;14,15
Ambos sexos;16 Cuenca;Tasa de empleo de la población;2023T4;49,99
Ambos sexos;16 Cuenca;Tasa de empleo de la población;2022T4;49,97
Ambos sexos;16 Cuenca;Tasa de empleo de la población;2021T4;50,45
Ambos sexos;16 Cuenca;Tasa de empleo de la población;2020T4;47,87
Ambos sexos;16 Cuenca;Tasa de empleo de la población;2019T4;47,90
Ambos sexos;16 Cuenca;Tasa de empleo de la población;2018T4;49,48
Ambos sexos;16 Cuenca;Tasa de empleo de la población;2017T4;46,22
Ambos sexos;16 Cuenca;Tasa de empleo de la población;2016T4;48,32
Ambos sexos;20 Gipuzkoa;Tasa de actividad;2023T4;55,78
Ambos sexos;20 Gipuzkoa;Tasa de actividad;2022T4;55,09
Ambos sexos;20 Gipuzkoa;Tasa de actividad;2021T4;56,21
Ambos sexos;20 Gipuzkoa;Tasa de actividad;2020T4;57,04
Ambos sexos;20 Gipuzkoa;Tasa de actividad;2019T4;56,15
Ambos sexos;20 Gipuzkoa;Tasa de actividad;2018T4;55,73
Ambos sexos;20 Gipuzkoa;Tasa de actividad;2017T4;56,05
Ambos sexos;20 Gipuzkoa;Tasa de actividad;2016T4;55,38
Ambos sexos;20 Gipuzkoa;Tasa de paro de la población;2023T4;6,41
Ambos sexos;20 Gipuzkoa;Tasa de paro de la población;2022T4;9,38
Ambos sexos;20 Gipuzkoa;Tasa de paro de la población;2021T4;7,42
Ambos sexos;20 Gipuzkoa;Tasa de paro de la población;2020T4;7,02
Ambos sexos;20 Gipuzkoa;Tasa de paro de la población;2019T4;7,53
Ambos sexos;20 Gipuzkoa;Tasa de paro de la población;2018T4;7,56
Ambos sexos;20 Gipuzkoa;Tasa de paro de la población;2017T4;8,43
Ambos sexos;20 Gipuzkoa;Tasa de paro de la población;2016T4;9,95
Ambos sexos;20 Gipuzkoa;Tasa de empleo de la población;2023T4;52,21
Ambos sexos;20 Gipuzkoa;Tasa de empleo de la población;2022T4;49,93
Ambos sexos;20 Gipuzkoa;Tasa de empleo de la población;2021T4;52,04
Ambos sexos;20 Gipuzkoa;Tasa de empleo de la población;2020T4;53,03
Ambos sexos;20 Gipuzkoa;Tasa de empleo de la población;2019T4;51,92
Ambos sexos;20 Gipuzkoa;Tasa de empleo de la población;2018T4;51,52
Ambos sexos;20 Gipuzkoa;Tasa de empleo de la población;2017T4;51,32
Ambos sexos;20 Gipuzkoa;Tasa de empleo de la población;2016T4;49,87
Ambos sexos;17 Girona;Tasa de actividad;2023T4;59,37
Ambos sexos;17 Girona;Tasa de actividad;2022T4;61,94
Ambos sexos;17 Girona;Tasa de actividad;2021T4;62,41
Ambos sexos;17 Girona;Tasa de actividad;2020T4;60,86
Ambos sexos;17 Girona;Tasa de actividad;2019T4;62,63
Ambos sexos;17 Girona;Tasa de actividad;2018T4;62,19
Ambos sexos;17 Girona;Tasa de actividad;2017T4;61,93
Ambos sexos;17 Girona;Tasa de actividad;2016T4;61,84
Ambos sexos;17 Girona;Tasa de paro de la población;2023T4;9,29
Ambos sexos;17 Girona;Tasa de paro de la población;2022T4;8,98
Ambos sexos;17 Girona;Tasa de paro de la población;2021T4;11,20
Ambos sexos;17 Girona;Tasa de paro de la población;2020T4;13,33
Ambos sexos;17 Girona;Tasa de paro de la población;2019T4;9,47
Ambos sexos;17 Girona;Tasa de paro de la población;2018T4;10,80
Ambos sexos;17 Girona;Tasa de paro de la población;2017T4;13,61
Ambos sexos;17 Girona;Tasa de paro de la población;2016T4;15,51
Ambos sexos;17 Girona;Tasa de empleo de la población;2023T4;53,85
Ambos sexos;17 Girona;Tasa de empleo de la población;2022T4;56,38
Ambos sexos;17 Girona;Tasa de empleo de la población;2021T4;55,42
Ambos sexos;17 Girona;Tasa de empleo de la población;2020T4;52,75
Ambos sexos;17 Girona;Tasa de empleo de la población;2019T4;56,70
Ambos sexos;17 Girona;Tasa de empleo de la población;2018T4;55,47
Ambos sexos;17 Girona;Tasa de empleo de la población;2017T4;53,50
Ambos sexos;17 Girona;Tasa de empleo de la población;2016T4;52,25
Ambos sexos;18 Granada;Tasa de actividad;2023T4;58,20
Ambos sexos;18 Granada;Tasa de actividad;2022T4;56,77
Ambos sexos;18 Granada;Tasa de actividad;2021T4;57,36
Ambos sexos;18 Granada;Tasa de actividad;2020T4;55,52
Ambos sexos;18 Granada;Tasa de actividad;2019T4;55,54
Ambos sexos;18 Granada;Tasa de actividad;2018T4;55,98
Ambos sexos;18 Granada;Tasa de actividad;2017T4;57,45
Ambos sexos;18 Granada;Tasa de actividad;2016T4;58,35
Ambos sexos;18 Granada;Tasa de paro de la población;2023T4;21,60
Ambos sexos;18 Granada;Tasa de paro de la población;2022T4;19,66
Ambos sexos;18 Granada;Tasa de paro de la población;2021T4;20,58
Ambos sexos;18 Granada;Tasa de paro de la población;2020T4;24,84
Ambos sexos;18 Granada;Tasa de paro de la población;2019T4;19,68
Ambos sexos;18 Granada;Tasa de paro de la población;2018T4;22,44
Ambos sexos;18 Granada;Tasa de paro de la población;2017T4;25,87
Ambos sexos;18 Granada;Tasa de paro de la población;2016T4;28,89
Ambos sexos;18 Granada;Tasa de empleo de la población;2023T4;45,63
Ambos sexos;18 Granada;Tasa de empleo de la población;2022T4;45,61
Ambos sexos;18 Granada;Tasa de empleo de la población;2021T4;45,56
Ambos sexos;18 Granada;Tasa de empleo de la población;2020T4;41,73
Ambos sexos;18 Granada;Tasa de empleo de la población;2019T4;44,61
Ambos sexos;18 Granada;Tasa de empleo de la población;2018T4;43,42
Ambos sexos;18 Granada;Tasa de empleo de la población;2017T4;42,59
Ambos sexos;18 Granada;Tasa de empleo de la población;2016T4;41,49
Ambos sexos;19 Guadalajara;Tasa de actividad;2023T4;64,79
Ambos sexos;19 Guadalajara;Tasa de actividad;2022T4;64,01
Ambos sexos;19 Guadalajara;Tasa de actividad;2021T4;59,35
Ambos sexos;19 Guadalajara;Tasa de actividad;2020T4;62,50
Ambos sexos;19 Guadalajara;Tasa de actividad;2019T4;66,25
Ambos sexos;19 Guadalajara;Tasa de actividad;2018T4;67,85
Ambos sexos;19 Guadalajara;Tasa de actividad;2017T4;64,68
Ambos sexos;19 Guadalajara;Tasa de actividad;2016T4;65,71
Ambos sexos;19 Guadalajara;Tasa de paro de la población;2023T4;9,05
Ambos sexos;19 Guadalajara;Tasa de paro de la población;2022T4;10,84
Ambos sexos;19 Guadalajara;Tasa de paro de la población;2021T4;11,22
Ambos sexos;19 Guadalajara;Tasa de paro de la población;2020T4;13,96
Ambos sexos;19 Guadalajara;Tasa de paro de la población;2019T4;13,37
Ambos sexos;19 Guadalajara;Tasa de paro de la población;2018T4;11,69
Ambos sexos;19 Guadalajara;Tasa de paro de la población;2017T4;10,48
Ambos sexos;19 Guadalajara;Tasa de paro de la población;2016T4;17,85
Ambos sexos;19 Guadalajara;Tasa de empleo de la población;2023T4;58,92
Ambos sexos;19 Guadalajara;Tasa de empleo de la población;2022T4;57,07
Ambos sexos;19 Guadalajara;Tasa de empleo de la población;2021T4;52,69
Ambos sexos;19 Guadalajara;Tasa de empleo de la población;2020T4;53,78
Ambos sexos;19 Guadalajara;Tasa de empleo de la población;2019T4;57,39
Ambos sexos;19 Guadalajara;Tasa de empleo de la población;2018T4;59,92
Ambos sexos;19 Guadalajara;Tasa de empleo de la población;2017T4;57,90
Ambos sexos;19 Guadalajara;Tasa de empleo de la población;2016T4;53,98
Ambos sexos;21 Huelva;Tasa de actividad;2023T4;56,73
Ambos sexos;21 Huelva;Tasa de actividad;2022T4;54,61
Ambos sexos;21 Huelva;Tasa de actividad;2021T4;55,63
Ambos sexos;21 Huelva;Tasa de actividad;2020T4;54,57
Ambos sexos;21 Huelva;Tasa de actividad;2019T4;56,57
Ambos sexos;21 Huelva;Tasa de actividad;2018T4;54,57
Ambos sexos;21 Huelva;Tasa de actividad;2017T4;55,41
Ambos sexos;21 Huelva;Tasa de actividad;2016T4;55,57
Ambos sexos;21 Huelva;Tasa de paro de la población;2023T4;20,17
Ambos sexos;21 Huelva;Tasa de paro de la población;2022T4;21,70
Ambos sexos;21 Huelva;Tasa de paro de la población;2021T4;20,04
Ambos sexos;21 Huelva;Tasa de paro de la población;2020T4;27,16
Ambos sexos;21 Huelva;Tasa de paro de la población;2019T4;23,57
Ambos sexos;21 Huelva;Tasa de paro de la población;2018T4;22,79
Ambos sexos;21 Huelva;Tasa de paro de la población;2017T4;23,40
Ambos sexos;21 Huelva;Tasa de paro de la población;2016T4;28,89
Ambos sexos;21 Huelva;Tasa de empleo de la población;2023T4;45,29
Ambos sexos;21 Huelva;Tasa de empleo de la población;2022T4;42,76
Ambos sexos;21 Huelva;Tasa de empleo de la población;2021T4;44,48
Ambos sexos;21 Huelva;Tasa de empleo de la población;2020T4;39,75
Ambos sexos;21 Huelva;Tasa de empleo de la población;2019T4;43,23
Ambos sexos;21 Huelva;Tasa de empleo de la población;2018T4;42,13
Ambos sexos;21 Huelva;Tasa de empleo de la población;2017T4;42,44
Ambos sexos;21 Huelva;Tasa de empleo de la población;2016T4;39,52
Ambos sexos;22 Huesca;Tasa de actividad;2023T4;57,54
Ambos sexos;22 Huesca;Tasa de actividad;2022T4;56,61
Ambos sexos;22 Huesca;Tasa de actividad;2021T4;58,02
Ambos sexos;22 Huesca;Tasa de actividad;2020T4;57,35
Ambos sexos;22 Huesca;Tasa de actividad;2019T4;59,93
Ambos sexos;22 Huesca;Tasa de actividad;2018T4;57,62
Ambos sexos;22 Huesca;Tasa de actividad;2017T4;58,19
Ambos sexos;22 Huesca;Tasa de actividad;2016T4;58,19
Ambos sexos;22 Huesca;Tasa de paro de la población;2023T4;11,42
Ambos sexos;22 Huesca;Tasa de paro de la población;2022T4;9,10
Ambos sexos;22 Huesca;Tasa de paro de la población;2021T4;7,33
Ambos sexos;22 Huesca;Tasa de paro de la población;2020T4;12,46
Ambos sexos;22 Huesca;Tasa de paro de la población;2019T4;9,59
Ambos sexos;22 Huesca;Tasa de paro de la población;2018T4;9,94
Ambos sexos;22 Huesca;Tasa de paro de la población;2017T4;8,12
Ambos sexos;22 Huesca;Tasa de paro de la población;2016T4;12,44
Ambos sexos;22 Huesca;Tasa de empleo de la población;2023T4;50,97
Ambos sexos;22 Huesca;Tasa de empleo de la población;2022T4;51,46
Ambos sexos;22 Huesca;Tasa de empleo de la población;2021T4;53,77
Ambos sexos;22 Huesca;Tasa de empleo de la población;2020T4;50,20
Ambos sexos;22 Huesca;Tasa de empleo de la población;2019T4;54,18
Ambos sexos;22 Huesca;Tasa de empleo de la población;2018T4;51,89
Ambos sexos;22 Huesca;Tasa de empleo de la población;2017T4;53,46
Ambos sexos;22 Huesca;Tasa de empleo de la población;2016T4;50,95
Ambos sexos;23 Jaén;Tasa de actividad;2023T4;52,70
Ambos sexos;23 Jaén;Tasa de actividad;2022T4;51,23
Ambos sexos;23 Jaén;Tasa de actividad;2021T4;53,73
Ambos sexos;23 Jaén;Tasa de actividad;2020T4;53,67
Ambos sexos;23 Jaén;Tasa de actividad;2019T4;51,53
Ambos sexos;23 Jaén;Tasa de actividad;2018T4;52,81
Ambos sexos;23 Jaén;Tasa de actividad;2017T4;54,38
Ambos sexos;23 Jaén;Tasa de actividad;2016T4;54,69
Ambos sexos;23 Jaén;Tasa de paro de la población;2023T4;19,14
Ambos sexos;23 Jaén;Tasa de paro de la población;2022T4;18,05
Ambos sexos;23 Jaén;Tasa de paro de la población;2021T4;20,52
Ambos sexos;23 Jaén;Tasa de paro de la población;2020T4;22,75
Ambos sexos;23 Jaén;Tasa de paro de la población;2019T4;20,11
Ambos sexos;23 Jaén;Tasa de paro de la población;2018T4;21,70
Ambos sexos;23 Jaén;Tasa de paro de la población;2017T4;23,86
Ambos sexos;23 Jaén;Tasa de paro de la población;2016T4;30,57
Ambos sexos;23 Jaén;Tasa de empleo de la población;2023T4;42,61
Ambos sexos;23 Jaén;Tasa de empleo de la población;2022T4;41,98
Ambos sexos;23 Jaén;Tasa de empleo de la población;2021T4;42,70
Ambos sexos;23 Jaén;Tasa de empleo de la población;2020T4;41,46
Ambos sexos;23 Jaén;Tasa de empleo de la población;2019T4;41,17
Ambos sexos;23 Jaén;Tasa de empleo de la población;2018T4;41,35
Ambos sexos;23 Jaén;Tasa de empleo de la población;2017T4;41,40
Ambos sexos;23 Jaén;Tasa de empleo de la población;2016T4;37,97
Ambos sexos;24 León;Tasa de actividad;2023T4;48,83
Ambos sexos;24 León;Tasa de actividad;2022T4;50,48
Ambos sexos;24 León;Tasa de actividad;2021T4;50,49
Ambos sexos;24 León;Tasa de actividad;2020T4;48,51
Ambos sexos;24 León;Tasa de actividad;2019T4;52,14
Ambos sexos;24 León;Tasa de actividad;2018T4;50,50
Ambos sexos;24 León;Tasa de actividad;2017T4;49,32
Ambos sexos;24 León;Tasa de actividad;2016T4;50,56
Ambos sexos;24 León;Tasa de paro de la población;2023T4;10,09
Ambos sexos;24 León;Tasa de paro de la población;2022T4;8,42
Ambos sexos;24 León;Tasa de paro de la población;2021T4;12,34
Ambos sexos;24 León;Tasa de paro de la población;2020T4;12,07
Ambos sexos;24 León;Tasa de paro de la población;2019T4;12,99
Ambos sexos;24 León;Tasa de paro de la población;2018T4;10,66
Ambos sexos;24 León;Tasa de paro de la población;2017T4;14,93
Ambos sexos;24 León;Tasa de paro de la población;2016T4;18,69
Ambos sexos;24 León;Tasa de empleo de la población;2023T4;43,90
Ambos sexos;24 León;Tasa de empleo de la población;2022T4;46,23
Ambos sexos;24 León;Tasa de empleo de la población;2021T4;44,26
Ambos sexos;24 León;Tasa de empleo de la población;2020T4;42,66
Ambos sexos;24 León;Tasa de empleo de la población;2019T4;45,37
Ambos sexos;24 León;Tasa de empleo de la población;2018T4;45,12
Ambos sexos;24 León;Tasa de empleo de la población;2017T4;41,96
Ambos sexos;24 León;Tasa de empleo de la población;2016T4;41,11
Ambos sexos;25 Lleida;Tasa de actividad;2023T4;59,25
Ambos sexos;25 Lleida;Tasa de actividad;2022T4;58,38
Ambos sexos;25 Lleida;Tasa de actividad;2021T4;62,33
Ambos sexos;25 Lleida;Tasa de actividad;2020T4;62,97
Ambos sexos;25 Lleida;Tasa de actividad;2019T4;63,67
Ambos sexos;25 Lleida;Tasa de actividad;2018T4;62,61
Ambos sexos;25 Lleida;Tasa de actividad;2017T4;60,26
Ambos sexos;25 Lleida;Tasa de actividad;2016T4;59,08
Ambos sexos;25 Lleida;Tasa de paro de la población;2023T4;5,34
Ambos sexos;25 Lleida;Tasa de paro de la población;2022T4;10,21
Ambos sexos;25 Lleida;Tasa de paro de la población;2021T4;11,25
Ambos sexos;25 Lleida;Tasa de paro de la población;2020T4;10,98
Ambos sexos;25 Lleida;Tasa de paro de la población;2019T4;9,31
Ambos sexos;25 Lleida;Tasa de paro de la población;2018T4;12,21
Ambos sexos;25 Lleida;Tasa de paro de la población;2017T4;11,40
Ambos sexos;25 Lleida;Tasa de paro de la población;2016T4;10,59
Ambos sexos;25 Lleida;Tasa de empleo de la población;2023T4;56,09
Ambos sexos;25 Lleida;Tasa de empleo de la población;2022T4;52,42
Ambos sexos;25 Lleida;Tasa de empleo de la población;2021T4;55,32
Ambos sexos;25 Lleida;Tasa de empleo de la población;2020T4;56,05
Ambos sexos;25 Lleida;Tasa de empleo de la población;2019T4;57,74
Ambos sexos;25 Lleida;Tasa de empleo de la población;2018T4;54,96
Ambos sexos;25 Lleida;Tasa de empleo de la población;2017T4;53,39
Ambos sexos;25 Lleida;Tasa de empleo de la población;2016T4;52,82
Ambos sexos;27 Lugo;Tasa de actividad;2023T4;51,42
Ambos sexos;27 Lugo;Tasa de actividad;2022T4;52,41
Ambos sexos;27 Lugo;Tasa de actividad;2021T4;51,30
Ambos sexos;27 Lugo;Tasa de actividad;2020T4;52,07
Ambos sexos;27 Lugo;Tasa de actividad;2019T4;52,10
Ambos sexos;27 Lugo;Tasa de actividad;2018T4;52,01
Ambos sexos;27 Lugo;Tasa de actividad;2017T4;51,32
Ambos sexos;27 Lugo;Tasa de actividad;2016T4;50,45
Ambos sexos;27 Lugo;Tasa de paro de la población;2023T4;7,09
Ambos sexos;27 Lugo;Tasa de paro de la población;2022T4;8,76
Ambos sexos;27 Lugo;Tasa de paro de la población;2021T4;8,89
Ambos sexos;27 Lugo;Tasa de paro de la población;2020T4;8,25
Ambos sexos;27 Lugo;Tasa de paro de la población;2019T4;9,79
Ambos sexos;27 Lugo;Tasa de paro de la población;2018T4;9,16
Ambos sexos;27 Lugo;Tasa de paro de la población;2017T4;11,23
Ambos sexos;27 Lugo;Tasa de paro de la población;2016T4;13,75
Ambos sexos;27 Lugo;Tasa de empleo de la población;2023T4;47,77
Ambos sexos;27 Lugo;Tasa de empleo de la población;2022T4;47,82
Ambos sexos;27 Lugo;Tasa de empleo de la población;2021T4;46,74
Ambos sexos;27 Lugo;Tasa de empleo de la población;2020T4;47,77
Ambos sexos;27 Lugo;Tasa de empleo de la población;2019T4;47,00
Ambos sexos;27 Lugo;Tasa de empleo de la población;2018T4;47,24
Ambos sexos;27 Lugo;Tasa de empleo de la población;2017T4;45,56
Ambos sexos;27 Lugo;Tasa de empleo de la población;2016T4;43,52
Ambos sexos;28 Madrid;Tasa de actividad;2023T4;63,19
Ambos sexos;28 Madrid;Tasa de actividad;2022T4;63,15
Ambos sexos;28 Madrid;Tasa de actividad;2021T4;63,02
Ambos sexos;28 Madrid;Tasa de actividad;2020T4;63,33
Ambos sexos;28 Madrid;Tasa de actividad;2019T4;63,40
Ambos sexos;28 Madrid;Tasa de actividad;2018T4;62,94
Ambos sexos;28 Madrid;Tasa de actividad;2017T4;63,32
Ambos sexos;28 Madrid;Tasa de actividad;2016T4;63,18
Ambos sexos;28 Madrid;Tasa de paro de la población;2023T4;9,64
Ambos sexos;28 Madrid;Tasa de paro de la población;2022T4;11,33
Ambos sexos;28 Madrid;Tasa de paro de la población;2021T4;10,18
Ambos sexos;28 Madrid;Tasa de paro de la población;2020T4;13,53
Ambos sexos;28 Madrid;Tasa de paro de la población;2019T4;9,99
Ambos sexos;28 Madrid;Tasa de paro de la población;2018T4;11,54
Ambos sexos;28 Madrid;Tasa de paro de la población;2017T4;13,75
Ambos sexos;28 Madrid;Tasa de paro de la población;2016T4;14,60
Ambos sexos;28 Madrid;Tasa de empleo de la población;2023T4;57,10
Ambos sexos;28 Madrid;Tasa de empleo de la población;2022T4;55,99
Ambos sexos;28 Madrid;Tasa de empleo de la población;2021T4;56,61
Ambos sexos;28 Madrid;Tasa de empleo de la población;2020T4;54,76
Ambos sexos;28 Madrid;Tasa de empleo de la población;2019T4;57,06
Ambos sexos;28 Madrid;Tasa de empleo de la población;2018T4;55,68
Ambos sexos;28 Madrid;Tasa de empleo de la población;2017T4;54,62
Ambos sexos;28 Madrid;Tasa de empleo de la población;2016T4;53,96
Ambos sexos;29 Málaga;Tasa de actividad;2023T4;58,36
Ambos sexos;29 Málaga;Tasa de actividad;2022T4;57,22
Ambos sexos;29 Málaga;Tasa de actividad;2021T4;58,66
Ambos sexos;29 Málaga;Tasa de actividad;2020T4;57,43
Ambos sexos;29 Málaga;Tasa de actividad;2019T4;56,54
Ambos sexos;29 Málaga;Tasa de actividad;2018T4;56,78
Ambos sexos;29 Málaga;Tasa de actividad;2017T4;55,74
Ambos sexos;29 Málaga;Tasa de actividad;2016T4;56,12
Ambos sexos;29 Málaga;Tasa de paro de la población;2023T4;16,40
Ambos sexos;29 Málaga;Tasa de paro de la población;2022T4;19,39
Ambos sexos;29 Málaga;Tasa de paro de la población;2021T4;19,98
Ambos sexos;29 Málaga;Tasa de paro de la población;2020T4;19,32
Ambos sexos;29 Málaga;Tasa de paro de la población;2019T4;17,75
Ambos sexos;29 Málaga;Tasa de paro de la población;2018T4;16,56
Ambos sexos;29 Málaga;Tasa de paro de la población;2017T4;20,73
Ambos sexos;29 Málaga;Tasa de paro de la población;2016T4;25,00
Ambos sexos;29 Málaga;Tasa de empleo de la población;2023T4;48,79
Ambos sexos;29 Málaga;Tasa de empleo de la población;2022T4;46,13
Ambos sexos;29 Málaga;Tasa de empleo de la población;2021T4;46,93
Ambos sexos;29 Málaga;Tasa de empleo de la población;2020T4;46,34
Ambos sexos;29 Málaga;Tasa de empleo de la población;2019T4;46,50
Ambos sexos;29 Málaga;Tasa de empleo de la población;2018T4;47,38
Ambos sexos;29 Málaga;Tasa de empleo de la población;2017T4;44,18
Ambos sexos;29 Málaga;Tasa de empleo de la población;2016T4;42,09
Ambos sexos;30 Murcia;Tasa de actividad;2023T4;59,26
Ambos sexos;30 Murcia;Tasa de actividad;2022T4;59,57
Ambos sexos;30 Murcia;Tasa de actividad;2021T4;59,84
Ambos sexos;30 Murcia;Tasa de actividad;2020T4;58,81
Ambos sexos;30 Murcia;Tasa de actividad;2019T4;59,64
Ambos sexos;30 Murcia;Tasa de actividad;2018T4;59,56
Ambos sexos;30 Murcia;Tasa de actividad;2017T4;59,34
Ambos sexos;30 Murcia;Tasa de actividad;2016T4;59,08
Ambos sexos;30 Murcia;Tasa de paro de la población;2023T4;11,46
Ambos sexos;30 Murcia;Tasa de paro de la población;2022T4;13,01
Ambos sexos;30 Murcia;Tasa de paro de la población;2021T4;13,19
Ambos sexos;30 Murcia;Tasa de paro de la población;2020T4;15,39
Ambos sexos;30 Murcia;Tasa de paro de la población;2019T4;16,08
Ambos sexos;30 Murcia;Tasa de paro de la población;2018T4;15,83
Ambos sexos;30 Murcia;Tasa de paro de la población;2017T4;17,21
Ambos sexos;30 Murcia;Tasa de paro de la población;2016T4;18,58
Ambos sexos;30 Murcia;Tasa de empleo de la población;2023T4;52,47
Ambos sexos;30 Murcia;Tasa de empleo de la población;2022T4;51,82
Ambos sexos;30 Murcia;Tasa de empleo de la población;2021T4;51,95
Ambos sexos;30 Murcia;Tasa de empleo de la población;2020T4;49,75
Ambos sexos;30 Murcia;Tasa de empleo de la población;2019T4;50,06
Ambos sexos;30 Murcia;Tasa de empleo de la población;2018T4;50,14
Ambos sexos;30 Murcia;Tasa de empleo de la población;2017T4;49,13
Ambos sexos;30 Murcia;Tasa de empleo de la población;2016T4;48,10
Ambos sexos;31 Navarra;Tasa de actividad;2023T4;58,84
Ambos sexos;31 Navarra;Tasa de actividad;2022T4;59,14
Ambos sexos;31 Navarra;Tasa de actividad;2021T4;58,48
Ambos sexos;31 Navarra;Tasa de actividad;2020T4;58,07
Ambos sexos;31 Navarra;Tasa de actividad;2019T4;58,64
Ambos sexos;31 Navarra;Tasa de actividad;2018T4;59,33
Ambos sexos;31 Navarra;Tasa de actividad;2017T4;58,85
Ambos sexos;31 Navarra;Tasa de actividad;2016T4;58,91
Ambos sexos;31 Navarra;Tasa de paro de la población;2023T4;9,25
Ambos sexos;31 Navarra;Tasa de paro de la población;2022T4;10,17
Ambos sexos;31 Navarra;Tasa de paro de la población;2021T4;9,95
Ambos sexos;31 Navarra;Tasa de paro de la población;2020T4;11,65
Ambos sexos;31 Navarra;Tasa de paro de la población;2019T4;9,01
Ambos sexos;31 Navarra;Tasa de paro de la población;2018T4;9,99
Ambos sexos;31 Navarra;Tasa de paro de la población;2017T4;9,63
Ambos sexos;31 Navarra;Tasa de paro de la población;2016T4;10,01
Ambos sexos;31 Navarra;Tasa de empleo de la población;2023T4;53,39
Ambos sexos;31 Navarra;Tasa de empleo de la población;2022T4;53,13
Ambos sexos;31 Navarra;Tasa de empleo de la población;2021T4;52,66
Ambos sexos;31 Navarra;Tasa de empleo de la población;2020T4;51,30
Ambos sexos;31 Navarra;Tasa de empleo de la población;2019T4;53,35
Ambos sexos;31 Navarra;Tasa de empleo de la población;2018T4;53,40
Ambos sexos;31 Navarra;Tasa de empleo de la población;2017T4;53,18
Ambos sexos;31 Navarra;Tasa de empleo de la población;2016T4;53,01
Ambos sexos;32 Ourense;Tasa de actividad;2023T4;49,46
Ambos sexos;32 Ourense;Tasa de actividad;2022T4;47,61
Ambos sexos;32 Ourense;Tasa de actividad;2021T4;48,09
Ambos sexos;32 Ourense;Tasa de actividad;2020T4;47,19
Ambos sexos;32 Ourense;Tasa de actividad;2019T4;47,74
Ambos sexos;32 Ourense;Tasa de actividad;2018T4;47,72
Ambos sexos;32 Ourense;Tasa de actividad;2017T4;47,82
Ambos sexos;32 Ourense;Tasa de actividad;2016T4;48,45
Ambos sexos;32 Ourense;Tasa de paro de la población;2023T4;9,57
Ambos sexos;32 Ourense;Tasa de paro de la población;2022T4;11,78
Ambos sexos;32 Ourense;Tasa de paro de la población;2021T4;10,08
Ambos sexos;32 Ourense;Tasa de paro de la población;2020T4;10,26
Ambos sexos;32 Ourense;Tasa de paro de la población;2019T4;12,88
Ambos sexos;32 Ourense;Tasa de paro de la población;2018T4;13,12
Ambos sexos;32 Ourense;Tasa de paro de la población;2017T4;13,69
Ambos sexos;32 Ourense;Tasa de paro de la población;2016T4;19,24
Ambos sexos;32 Ourense;Tasa de empleo de la población;2023T4;44,73
Ambos sexos;32 Ourense;Tasa de empleo de la población;2022T4;42,00
Ambos sexos;32 Ourense;Tasa de empleo de la población;2021T4;43,24
Ambos sexos;32 Ourense;Tasa de empleo de la población;2020T4;42,35
Ambos sexos;32 Ourense;Tasa de empleo de la población;2019T4;41,59
Ambos sexos;32 Ourense;Tasa de empleo de la población;2018T4;41,46
Ambos sexos;32 Ourense;Tasa de empleo de la población;2017T4;41,28
Ambos sexos;32 Ourense;Tasa de empleo de la población;2016T4;39,13
Ambos sexos;34 Palencia;Tasa de actividad;2023T4;55,44
Ambos sexos;34 Palencia;Tasa de actividad;2022T4;54,79
Ambos sexos;34 Palencia;Tasa de actividad;2021T4;52,83
Ambos sexos;34 Palencia;Tasa de actividad;2020T4;54,56
Ambos sexos;34 Palencia;Tasa de actividad;2019T4;52,80
Ambos sexos;34 Palencia;Tasa de actividad;2018T4;52,59
Ambos sexos;34 Palencia;Tasa de actividad;2017T4;54,89
Ambos sexos;34 Palencia;Tasa de actividad;2016T4;54,00
Ambos sexos;34 Palencia;Tasa de paro de la población;2023T4;7,23
Ambos sexos;34 Palencia;Tasa de paro de la población;2022T4;8,72
Ambos sexos;34 Palencia;Tasa de paro de la población;2021T4;10,21
Ambos sexos;34 Palencia;Tasa de paro de la población;2020T4;9,64
Ambos sexos;34 Palencia;Tasa de paro de la población;2019T4;9,35
Ambos sexos;34 Palencia;Tasa de paro de la población;2018T4;15,00
Ambos sexos;34 Palencia;Tasa de paro de la población;2017T4;13,07
Ambos sexos;34 Palencia;Tasa de paro de la población;2016T4;13,86
Ambos sexos;34 Palencia;Tasa de empleo de la población;2023T4;51,43
Ambos sexos;34 Palencia;Tasa de empleo de la población;2022T4;50,01
Ambos sexos;34 Palencia;Tasa de empleo de la población;2021T4;47,43
Ambos sexos;34 Palencia;Tasa de empleo de la población;2020T4;49,30
Ambos sexos;34 Palencia;Tasa de empleo de la población;2019T4;47,87
Ambos sexos;34 Palencia;Tasa de empleo de la población;2018T4;44,70
Ambos sexos;34 Palencia;Tasa de empleo de la población;2017T4;47,72
Ambos sexos;34 Palencia;Tasa de empleo de la población;2016T4;46,51
Ambos sexos;35 Palmas, Las;Tasa de actividad;2023T4;61,05
Ambos sexos;35 Palmas, Las;Tasa de actividad;2022T4;61,00
Ambos sexos;35 Palmas, Las;Tasa de actividad;2021T4;60,14
Ambos sexos;35 Palmas, Las;Tasa de actividad;2020T4;57,08
Ambos sexos;35 Palmas, Las;Tasa de actividad;2019T4;61,15
Ambos sexos;35 Palmas, Las;Tasa de actividad;2018T4;61,18
Ambos sexos;35 Palmas, Las;Tasa de actividad;2017T4;61,36
Ambos sexos;35 Palmas, Las;Tasa de actividad;2016T4;59,84
Ambos sexos;35 Palmas, Las;Tasa de paro de la población;2023T4;15,28
Ambos sexos;35 Palmas, Las;Tasa de paro de la población;2022T4;13,46
Ambos sexos;35 Palmas, Las;Tasa de paro de la población;2021T4;18,38
Ambos sexos;35 Palmas, Las;Tasa de paro de la población;2020T4;25,88
Ambos sexos;35 Palmas, Las;Tasa de paro de la población;2019T4;19,60
Ambos sexos;35 Palmas, Las;Tasa de paro de la población;2018T4;20,53
Ambos sexos;35 Palmas, Las;Tasa de paro de la población;2017T4;21,48
Ambos sexos;35 Palmas, Las;Tasa de paro de la población;2016T4;25,25
Ambos sexos;35 Palmas, Las;Tasa de empleo de la población;2023T4;51,72
Ambos sexos;35 Palmas, Las;Tasa de empleo de la población;2022T4;52,79
Ambos sexos;35 Palmas, Las;Tasa de empleo de la población;2021T4;49,09
Ambos sexos;35 Palmas, Las;Tasa de empleo de la población;2020T4;42,31
Ambos sexos;35 Palmas, Las;Tasa de empleo de la población;2019T4;49,17
Ambos sexos;35 Palmas, Las;Tasa de empleo de la población;2018T4;48,62
Ambos sexos;35 Palmas, Las;Tasa de empleo de la población;2017T4;48,18
Ambos sexos;35 Palmas, Las;Tasa de empleo de la población;2016T4;44,73
Ambos sexos;36 Pontevedra;Tasa de actividad;2023T4;54,11
Ambos sexos;36 Pontevedra;Tasa de actividad;2022T4;53,78
Ambos sexos;36 Pontevedra;Tasa de actividad;2021T4;53,21
Ambos sexos;36 Pontevedra;Tasa de actividad;2020T4;53,23
Ambos sexos;36 Pontevedra;Tasa de actividad;2019T4;53,35
Ambos sexos;36 Pontevedra;Tasa de actividad;2018T4;53,29
Ambos sexos;36 Pontevedra;Tasa de actividad;2017T4;53,47
Ambos sexos;36 Pontevedra;Tasa de actividad;2016T4;53,90
Ambos sexos;36 Pontevedra;Tasa de paro de la población;2023T4;10,65
Ambos sexos;36 Pontevedra;Tasa de paro de la población;2022T4;11,66
Ambos sexos;36 Pontevedra;Tasa de paro de la población;2021T4;12,60
Ambos sexos;36 Pontevedra;Tasa de paro de la población;2020T4;13,27
Ambos sexos;36 Pontevedra;Tasa de paro de la población;2019T4;13,86
Ambos sexos;36 Pontevedra;Tasa de paro de la población;2018T4;14,38
Ambos sexos;36 Pontevedra;Tasa de paro de la población;2017T4;17,76
Ambos sexos;36 Pontevedra;Tasa de paro de la población;2016T4;18,47
Ambos sexos;36 Pontevedra;Tasa de empleo de la población;2023T4;48,35
Ambos sexos;36 Pontevedra;Tasa de empleo de la población;2022T4;47,51
Ambos sexos;36 Pontevedra;Tasa de empleo de la población;2021T4;46,51
Ambos sexos;36 Pontevedra;Tasa de empleo de la población;2020T4;46,17
Ambos sexos;36 Pontevedra;Tasa de empleo de la población;2019T4;45,95
Ambos sexos;36 Pontevedra;Tasa de empleo de la población;2018T4;45,63
Ambos sexos;36 Pontevedra;Tasa de empleo de la población;2017T4;43,98
Ambos sexos;36 Pontevedra;Tasa de empleo de la población;2016T4;43,95
Ambos sexos;26 Rioja, La;Tasa de actividad;2023T4;58,10
Ambos sexos;26 Rioja, La;Tasa de actividad;2022T4;59,38
Ambos sexos;26 Rioja, La;Tasa de actividad;2021T4;59,62
Ambos sexos;26 Rioja, La;Tasa de actividad;2020T4;59,41
Ambos sexos;26 Rioja, La;Tasa de actividad;2019T4;59,19
Ambos sexos;26 Rioja, La;Tasa de actividad;2018T4;59,31
Ambos sexos;26 Rioja, La;Tasa de actividad;2017T4;58,92
Ambos sexos;26 Rioja, La;Tasa de actividad;2016T4;58,80
Ambos sexos;26 Rioja, La;Tasa de paro de la población;2023T4;9,71
Ambos sexos;26 Rioja, La;Tasa de paro de la población;2022T4;8,52
Ambos sexos;26 Rioja, La;Tasa de paro de la población;2021T4;10,53
Ambos sexos;26 Rioja, La;Tasa de paro de la población;2020T4;10,36
Ambos sexos;26 Rioja, La;Tasa de paro de la población;2019T4;9,89
Ambos sexos;26 Rioja, La;Tasa de paro de la población;2018T4;10,30
Ambos sexos;26 Rioja, La;Tasa de paro de la población;2017T4;11,51
Ambos sexos;26 Rioja, La;Tasa de paro de la población;2016T4;10,90
Ambos sexos;26 Rioja, La;Tasa de empleo de la población;2023T4;52,46
Ambos sexos;26 Rioja, La;Tasa de empleo de la población;2022T4;54,32
Ambos sexos;26 Rioja, La;Tasa de empleo de la población;2021T4;53,34
Ambos sexos;26 Rioja, La;Tasa de empleo de la población;2020T4;53,26
Ambos sexos;26 Rioja, La;Tasa de empleo de la población;2019T4;53,34
Ambos sexos;26 Rioja, La;Tasa de empleo de la población;2018T4;53,20
Ambos sexos;26 Rioja, La;Tasa de empleo de la población;2017T4;52,14
Ambos sexos;26 Rioja, La;Tasa de empleo de la población;2016T4;52,39
Ambos sexos;37 Salamanca;Tasa de actividad;2023T4;52,88
Ambos sexos;37 Salamanca;Tasa de actividad;2022T4;53,74
Ambos sexos;37 Salamanca;Tasa de actividad;2021T4;53,13
Ambos sexos;37 Salamanca;Tasa de actividad;2020T4;52,83
Ambos sexos;37 Salamanca;Tasa de actividad;2019T4;53,28
Ambos sexos;37 Salamanca;Tasa de actividad;2018T4;52,78
Ambos sexos;37 Salamanca;Tasa de actividad;2017T4;53,58
Ambos sexos;37 Salamanca;Tasa de actividad;2016T4;51,38
Ambos sexos;37 Salamanca;Tasa de paro de la población;2023T4;10,83
Ambos sexos;37 Salamanca;Tasa de paro de la población;2022T4;11,04
Ambos sexos;37 Salamanca;Tasa de paro de la población;2021T4;11,53
Ambos sexos;37 Salamanca;Tasa de paro de la población;2020T4;15,75
Ambos sexos;37 Salamanca;Tasa de paro de la población;2019T4;13,02
Ambos sexos;37 Salamanca;Tasa de paro de la población;2018T4;12,18
Ambos sexos;37 Salamanca;Tasa de paro de la población;2017T4;12,39
Ambos sexos;37 Salamanca;Tasa de paro de la población;2016T4;16,22
Ambos sexos;37 Salamanca;Tasa de empleo de la población;2023T4;47,15
Ambos sexos;37 Salamanca;Tasa de empleo de la población;2022T4;47,81
Ambos sexos;37 Salamanca;Tasa de empleo de la población;2021T4;47,00
Ambos sexos;37 Salamanca;Tasa de empleo de la población;2020T4;44,51
Ambos sexos;37 Salamanca;Tasa de empleo de la población;2019T4;46,34
Ambos sexos;37 Salamanca;Tasa de empleo de la población;2018T4;46,35
Ambos sexos;37 Salamanca;Tasa de empleo de la población;2017T4;46,94
Ambos sexos;37 Salamanca;Tasa de empleo de la población;2016T4;43,04
Ambos sexos;38 Santa Cruz de Tenerife;Tasa de actividad;2023T4;60,02
Ambos sexos;38 Santa Cruz de Tenerife;Tasa de actividad;2022T4;57,07
Ambos sexos;38 Santa Cruz de Tenerife;Tasa de actividad;2021T4;58,87
Ambos sexos;38 Santa Cruz de Tenerife;Tasa de actividad;2020T4;57,79
Ambos sexos;38 Santa Cruz de Tenerife;Tasa de actividad;2019T4;60,12
Ambos sexos;38 Santa Cruz de Tenerife;Tasa de actividad;2018T4;60,74
Ambos sexos;38 Santa Cruz de Tenerife;Tasa de actividad;2017T4;60,44
Ambos sexos;38 Santa Cruz de Tenerife;Tasa de actividad;2016T4;62,10
Ambos sexos;38 Santa Cruz de Tenerife;Tasa de paro de la población;2023T4;16,91
Ambos sexos;38 Santa Cruz de Tenerife;Tasa de paro de la población;2022T4;16,48
Ambos sexos;38 Santa Cruz de Tenerife;Tasa de paro de la población;2021T4;20,17
Ambos sexos;38 Santa Cruz de Tenerife;Tasa de paro de la población;2020T4;24,53
Ambos sexos;38 Santa Cruz de Tenerife;Tasa de paro de la población;2019T4;17,90
Ambos sexos;38 Santa Cruz de Tenerife;Tasa de paro de la población;2018T4;19,42
Ambos sexos;38 Santa Cruz de Tenerife;Tasa de paro de la población;2017T4;22,64
Ambos sexos;38 Santa Cruz de Tenerife;Tasa de paro de la población;2016T4;24,54
Ambos sexos;38 Santa Cruz de Tenerife;Tasa de empleo de la población;2023T4;49,87
Ambos sexos;38 Santa Cruz de Tenerife;Tasa de empleo de la población;2022T4;47,66
Ambos sexos;38 Santa Cruz de Tenerife;Tasa de empleo de la población;2021T4;47,00
Ambos sexos;38 Santa Cruz de Tenerife;Tasa de empleo de la población;2020T4;43,62
Ambos sexos;38 Santa Cruz de Tenerife;Tasa de empleo de la población;2019T4;49,35
Ambos sexos;38 Santa Cruz de Tenerife;Tasa de empleo de la población;2018T4;48,94
Ambos sexos;38 Santa Cruz de Tenerife;Tasa de empleo de la población;2017T4;46,76
Ambos sexos;38 Santa Cruz de Tenerife;Tasa de empleo de la población;2016T4;46,86
Ambos sexos;40 Segovia;Tasa de actividad;2023T4;58,45
Ambos sexos;40 Segovia;Tasa de actividad;2022T4;56,53
Ambos sexos;40 Segovia;Tasa de actividad;2021T4;56,62
Ambos sexos;40 Segovia;Tasa de actividad;2020T4;59,95
Ambos sexos;40 Segovia;Tasa de actividad;2019T4;62,29
Ambos sexos;40 Segovia;Tasa de actividad;2018T4;56,77
Ambos sexos;40 Segovia;Tasa de actividad;2017T4;58,06
Ambos sexos;40 Segovia;Tasa de actividad;2016T4;61,12
Ambos sexos;40 Segovia;Tasa de paro de la población;2023T4;8,19
Ambos sexos;40 Segovia;Tasa de paro de la población;2022T4;7,12
Ambos sexos;40 Segovia;Tasa de paro de la población;2021T4;9,14
Ambos sexos;40 Segovia;Tasa de paro de la población;2020T4;8,21
Ambos sexos;40 Segovia;Tasa de paro de la población;2019T4;11,11
Ambos sexos;40 Segovia;Tasa de paro de la población;2018T4;9,28
Ambos sexos;40 Segovia;Tasa de paro de la población;2017T4;12,60
Ambos sexos;40 Segovia;Tasa de paro de la población;2016T4;12,63
Ambos sexos;40 Segovia;Tasa de empleo de la población;2023T4;53,66
Ambos sexos;40 Segovia;Tasa de empleo de la población;2022T4;52,51
Ambos sexos;40 Segovia;Tasa de empleo de la población;2021T4;51,44
Ambos sexos;40 Segovia;Tasa de empleo de la población;2020T4;55,02
Ambos sexos;40 Segovia;Tasa de empleo de la población;2019T4;55,37
Ambos sexos;40 Segovia;Tasa de empleo de la población;2018T4;51,50
Ambos sexos;40 Segovia;Tasa de empleo de la población;2017T4;50,74
Ambos sexos;40 Segovia;Tasa de empleo de la población;2016T4;53,40
Ambos sexos;41 Sevilla;Tasa de actividad;2023T4;58,09
Ambos sexos;41 Sevilla;Tasa de actividad;2022T4;57,86
Ambos sexos;41 Sevilla;Tasa de actividad;2021T4;58,43
Ambos sexos;41 Sevilla;Tasa de actividad;2020T4;57,53
Ambos sexos;41 Sevilla;Tasa de actividad;2019T4;59,00
Ambos sexos;41 Sevilla;Tasa de actividad;2018T4;59,39
Ambos sexos;41 Sevilla;Tasa de actividad;2017T4;58,34
Ambos sexos;41 Sevilla;Tasa de actividad;2016T4;58,78
Ambos sexos;41 Sevilla;Tasa de paro de la población;2023T4;15,79
Ambos sexos;41 Sevilla;Tasa de paro de la población;2022T4;16,03
Ambos sexos;41 Sevilla;Tasa de paro de la población;2021T4;19,98
Ambos sexos;41 Sevilla;Tasa de paro de la población;2020T4;22,44
Ambos sexos;41 Sevilla;Tasa de paro de la población;2019T4;20,74
Ambos sexos;41 Sevilla;Tasa de paro de la población;2018T4;20,94
Ambos sexos;41 Sevilla;Tasa de paro de la población;2017T4;22,42
Ambos sexos;41 Sevilla;Tasa de paro de la población;2016T4;27,03
Ambos sexos;41 Sevilla;Tasa de empleo de la población;2023T4;48,91
Ambos sexos;41 Sevilla;Tasa de empleo de la población;2022T4;48,58
Ambos sexos;41 Sevilla;Tasa de empleo de la población;2021T4;46,75
Ambos sexos;41 Sevilla;Tasa de empleo de la población;2020T4;44,63
Ambos sexos;41 Sevilla;Tasa de empleo de la población;2019T4;46,77
Ambos sexos;41 Sevilla;Tasa de empleo de la población;2018T4;46,95
Ambos sexos;41 Sevilla;Tasa de empleo de la población;2017T4;45,26
Ambos sexos;41 Sevilla;Tasa de empleo de la población;2016T4;42,89
Ambos sexos;42 Soria;Tasa de actividad;2023T4;59,69
Ambos sexos;42 Soria;Tasa de actividad;2022T4;57,69
Ambos sexos;42 Soria;Tasa de actividad;2021T4;58,01
Ambos sexos;42 Soria;Tasa de actividad;2020T4;56,88
Ambos sexos;42 Soria;Tasa de actividad;2019T4;58,77
Ambos sexos;42 Soria;Tasa de actividad;2018T4;56,63
Ambos sexos;42 Soria;Tasa de actividad;2017T4;61,35
Ambos sexos;42 Soria;Tasa de actividad;2016T4;57,67
Ambos sexos;42 Soria;Tasa de paro de la población;2023T4;5,14
Ambos sexos;42 Soria;Tasa de paro de la población;2022T4;7,96
Ambos sexos;42 Soria;Tasa de paro de la población;2021T4;7,73
Ambos sexos;42 Soria;Tasa de paro de la población;2020T4;7,67
Ambos sexos;42 Soria;Tasa de paro de la población;2019T4;7,23
Ambos sexos;42 Soria;Tasa de paro de la población;2018T4;4,35
Ambos sexos;42 Soria;Tasa de paro de la población;2017T4;9,55
Ambos sexos;42 Soria;Tasa de paro de la población;2016T4;12,25
Ambos sexos;42 Soria;Tasa de empleo de la población;2023T4;56,63
Ambos sexos;42 Soria;Tasa de empleo de la población;2022T4;53,10
Ambos sexos;42 Soria;Tasa de empleo de la población;2021T4;53,53
Ambos sexos;42 Soria;Tasa de empleo de la población;2020T4;52,52
Ambos sexos;42 Soria;Tasa de empleo de la población;2019T4;54,52
Ambos sexos;42 Soria;Tasa de empleo de la población;2018T4;54,17
Ambos sexos;42 Soria;Tasa de empleo de la población;2017T4;55,50
Ambos sexos;42 Soria;Tasa de empleo de la población;2016T4;50,61
Ambos sexos;43 Tarragona;Tasa de actividad;2023T4;58,60
Ambos sexos;43 Tarragona;Tasa de actividad;2022T4;57,34
Ambos sexos;43 Tarragona;Tasa de actividad;2021T4;56,57
Ambos sexos;43 Tarragona;Tasa de actividad;2020T4;59,19
Ambos sexos;43 Tarragona;Tasa de actividad;2019T4;58,60
Ambos sexos;43 Tarragona;Tasa de actividad;2018T4;59,14
Ambos sexos;43 Tarragona;Tasa de actividad;2017T4;60,08
Ambos sexos;43 Tarragona;Tasa de actividad;2016T4;58,07
Ambos sexos;43 Tarragona;Tasa de paro de la población;2023T4;14,88
Ambos sexos;43 Tarragona;Tasa de paro de la población;2022T4;10,14
Ambos sexos;43 Tarragona;Tasa de paro de la población;2021T4;13,08
Ambos sexos;43 Tarragona;Tasa de paro de la población;2020T4;17,47
Ambos sexos;43 Tarragona;Tasa de paro de la población;2019T4;11,96
Ambos sexos;43 Tarragona;Tasa de paro de la población;2018T4;15,39
Ambos sexos;43 Tarragona;Tasa de paro de la población;2017T4;15,92
Ambos sexos;43 Tarragona;Tasa de paro de la población;2016T4;17,41
Ambos sexos;43 Tarragona;Tasa de empleo de la población;2023T4;49,88
Ambos sexos;43 Tarragona;Tasa de empleo de la población;2022T4;51,53
Ambos sexos;43 Tarragona;Tasa de empleo de la población;2021T4;49,18
Ambos sexos;43 Tarragona;Tasa de empleo de la población;2020T4;48,85
Ambos sexos;43 Tarragona;Tasa de empleo de la población;2019T4;51,59
Ambos sexos;43 Tarragona;Tasa de empleo de la población;2018T4;50,04
Ambos sexos;43 Tarragona;Tasa de empleo de la población;2017T4;50,51
Ambos sexos;43 Tarragona;Tasa de empleo de la población;2016T4;47,96
Ambos sexos;44 Teruel;Tasa de actividad;2023T4;58,05
Ambos sexos;44 Teruel;Tasa de actividad;2022T4;55,01
Ambos sexos;44 Teruel;Tasa de actividad;2021T4;56,64
Ambos sexos;44 Teruel;Tasa de actividad;2020T4;55,83
Ambos sexos;44 Teruel;Tasa de actividad;2019T4;57,93
Ambos sexos;44 Teruel;Tasa de actividad;2018T4;56,65
Ambos sexos;44 Teruel;Tasa de actividad;2017T4;55,00
Ambos sexos;44 Teruel;Tasa de actividad;2016T4;56,19
Ambos sexos;44 Teruel;Tasa de paro de la población;2023T4;9,39
Ambos sexos;44 Teruel;Tasa de paro de la población;2022T4;9,68
Ambos sexos;44 Teruel;Tasa de paro de la población;2021T4;7,08
Ambos sexos;44 Teruel;Tasa de paro de la población;2020T4;9,25
Ambos sexos;44 Teruel;Tasa de paro de la población;2019T4;9,04
Ambos sexos;44 Teruel;Tasa de paro de la población;2018T4;9,23
Ambos sexos;44 Teruel;Tasa de paro de la población;2017T4;11,16
Ambos sexos;44 Teruel;Tasa de paro de la población;2016T4;12,27
Ambos sexos;44 Teruel;Tasa de empleo de la población;2023T4;52,60
Ambos sexos;44 Teruel;Tasa de empleo de la población;2022T4;49,68
Ambos sexos;44 Teruel;Tasa de empleo de la población;2021T4;52,64
Ambos sexos;44 Teruel;Tasa de empleo de la población;2020T4;50,67
Ambos sexos;44 Teruel;Tasa de empleo de la población;2019T4;52,70
Ambos sexos;44 Teruel;Tasa de empleo de la población;2018T4;51,43
Ambos sexos;44 Teruel;Tasa de empleo de la población;2017T4;48,86
Ambos sexos;44 Teruel;Tasa de empleo de la población;2016T4;49,29
Ambos sexos;45 Toledo;Tasa de actividad;2023T4;57,98
Ambos sexos;45 Toledo;Tasa de actividad;2022T4;60,72
Ambos sexos;45 Toledo;Tasa de actividad;2021T4;62,85
Ambos sexos;45 Toledo;Tasa de actividad;2020T4;61,02
Ambos sexos;45 Toledo;Tasa de actividad;2019T4;59,68
Ambos sexos;45 Toledo;Tasa de actividad;2018T4;59,26
Ambos sexos;45 Toledo;Tasa de actividad;2017T4;61,09
Ambos sexos;45 Toledo;Tasa de actividad;2016T4;60,94
Ambos sexos;45 Toledo;Tasa de paro de la población;2023T4;11,89
Ambos sexos;45 Toledo;Tasa de paro de la población;2022T4;15,75
Ambos sexos;45 Toledo;Tasa de paro de la población;2021T4;13,87
Ambos sexos;45 Toledo;Tasa de paro de la población;2020T4;19,85
Ambos sexos;45 Toledo;Tasa de paro de la población;2019T4;16,47
Ambos sexos;45 Toledo;Tasa de paro de la población;2018T4;17,50
Ambos sexos;45 Toledo;Tasa de paro de la población;2017T4;20,33
Ambos sexos;45 Toledo;Tasa de paro de la población;2016T4;23,44
Ambos sexos;45 Toledo;Tasa de empleo de la población;2023T4;51,09
Ambos sexos;45 Toledo;Tasa de empleo de la población;2022T4;51,16
Ambos sexos;45 Toledo;Tasa de empleo de la población;2021T4;54,13
Ambos sexos;45 Toledo;Tasa de empleo de la población;2020T4;48,90
Ambos sexos;45 Toledo;Tasa de empleo de la población;2019T4;49,85
Ambos sexos;45 Toledo;Tasa de empleo de la población;2018T4;48,89
Ambos sexos;45 Toledo;Tasa de empleo de la población;2017T4;48,67
Ambos sexos;45 Toledo;Tasa de empleo de la población;2016T4;46,66
Ambos sexos;46 Valencia/Valčncia;Tasa de actividad;2023T4;61,13
Ambos sexos;46 Valencia/Valčncia;Tasa de actividad;2022T4;59,79
Ambos sexos;46 Valencia/Valčncia;Tasa de actividad;2021T4;58,76
Ambos sexos;46 Valencia/Valčncia;Tasa de actividad;2020T4;57,89
Ambos sexos;46 Valencia/Valčncia;Tasa de actividad;2019T4;57,73
Ambos sexos;46 Valencia/Valčncia;Tasa de actividad;2018T4;59,14
Ambos sexos;46 Valencia/Valčncia;Tasa de actividad;2017T4;60,25
Ambos sexos;46 Valencia/Valčncia;Tasa de actividad;2016T4;60,65
Ambos sexos;46 Valencia/Valčncia;Tasa de paro de la población;2023T4;12,23
Ambos sexos;46 Valencia/Valčncia;Tasa de paro de la población;2022T4;12,22
Ambos sexos;46 Valencia/Valčncia;Tasa de paro de la población;2021T4;12,14
Ambos sexos;46 Valencia/Valčncia;Tasa de paro de la población;2020T4;14,65
Ambos sexos;46 Valencia/Valčncia;Tasa de paro de la población;2019T4;12,93
Ambos sexos;46 Valencia/Valčncia;Tasa de paro de la población;2018T4;13,17
Ambos sexos;46 Valencia/Valčncia;Tasa de paro de la población;2017T4;16,43
Ambos sexos;46 Valencia/Valčncia;Tasa de paro de la población;2016T4;20,24
Ambos sexos;46 Valencia/Valčncia;Tasa de empleo de la población;2023T4;53,65
Ambos sexos;46 Valencia/Valčncia;Tasa de empleo de la población;2022T4;52,48
Ambos sexos;46 Valencia/Valčncia;Tasa de empleo de la población;2021T4;51,63
Ambos sexos;46 Valencia/Valčncia;Tasa de empleo de la población;2020T4;49,41
Ambos sexos;46 Valencia/Valčncia;Tasa de empleo de la población;2019T4;50,27
Ambos sexos;46 Valencia/Valčncia;Tasa de empleo de la población;2018T4;51,35
Ambos sexos;46 Valencia/Valčncia;Tasa de empleo de la población;2017T4;50,36
Ambos sexos;46 Valencia/Valčncia;Tasa de empleo de la población;2016T4;48,37
Ambos sexos;47 Valladolid;Tasa de actividad;2023T4;55,01
Ambos sexos;47 Valladolid;Tasa de actividad;2022T4;54,25
Ambos sexos;47 Valladolid;Tasa de actividad;2021T4;53,24
Ambos sexos;47 Valladolid;Tasa de actividad;2020T4;56,75
Ambos sexos;47 Valladolid;Tasa de actividad;2019T4;58,12
Ambos sexos;47 Valladolid;Tasa de actividad;2018T4;58,20
Ambos sexos;47 Valladolid;Tasa de actividad;2017T4;56,41
Ambos sexos;47 Valladolid;Tasa de actividad;2016T4;57,00
Ambos sexos;47 Valladolid;Tasa de paro de la población;2023T4;9,10
Ambos sexos;47 Valladolid;Tasa de paro de la población;2022T4;7,71
Ambos sexos;47 Valladolid;Tasa de paro de la población;2021T4;8,56
Ambos sexos;47 Valladolid;Tasa de paro de la población;2020T4;11,35
Ambos sexos;47 Valladolid;Tasa de paro de la población;2019T4;9,37
Ambos sexos;47 Valladolid;Tasa de paro de la población;2018T4;10,25
Ambos sexos;47 Valladolid;Tasa de paro de la población;2017T4;14,32
Ambos sexos;47 Valladolid;Tasa de paro de la población;2016T4;13,96
Ambos sexos;47 Valladolid;Tasa de empleo de la población;2023T4;50,01
Ambos sexos;47 Valladolid;Tasa de empleo de la población;2022T4;50,06
Ambos sexos;47 Valladolid;Tasa de empleo de la población;2021T4;48,68
Ambos sexos;47 Valladolid;Tasa de empleo de la población;2020T4;50,31
Ambos sexos;47 Valladolid;Tasa de empleo de la población;2019T4;52,67
Ambos sexos;47 Valladolid;Tasa de empleo de la población;2018T4;52,24
Ambos sexos;47 Valladolid;Tasa de empleo de la población;2017T4;48,34
Ambos sexos;47 Valladolid;Tasa de empleo de la población;2016T4;49,04
Ambos sexos;49 Zamora;Tasa de actividad;2023T4;52,36
Ambos sexos;49 Zamora;Tasa de actividad;2022T4;49,97
Ambos sexos;49 Zamora;Tasa de actividad;2021T4;50,53
Ambos sexos;49 Zamora;Tasa de actividad;2020T4;50,82
Ambos sexos;49 Zamora;Tasa de actividad;2019T4;50,09
Ambos sexos;49 Zamora;Tasa de actividad;2018T4;50,29
Ambos sexos;49 Zamora;Tasa de actividad;2017T4;52,90
Ambos sexos;49 Zamora;Tasa de actividad;2016T4;53,01
Ambos sexos;49 Zamora;Tasa de paro de la población;2023T4;15,58
Ambos sexos;49 Zamora;Tasa de paro de la población;2022T4;13,69
Ambos sexos;49 Zamora;Tasa de paro de la población;2021T4;9,25
Ambos sexos;49 Zamora;Tasa de paro de la población;2020T4;11,47
Ambos sexos;49 Zamora;Tasa de paro de la población;2019T4;14,94
Ambos sexos;49 Zamora;Tasa de paro de la población;2018T4;14,57
Ambos sexos;49 Zamora;Tasa de paro de la población;2017T4;16,70
Ambos sexos;49 Zamora;Tasa de paro de la población;2016T4;16,67
Ambos sexos;49 Zamora;Tasa de empleo de la población;2023T4;44,21
Ambos sexos;49 Zamora;Tasa de empleo de la población;2022T4;43,13
Ambos sexos;49 Zamora;Tasa de empleo de la población;2021T4;45,86
Ambos sexos;49 Zamora;Tasa de empleo de la población;2020T4;44,99
Ambos sexos;49 Zamora;Tasa de empleo de la población;2019T4;42,61
Ambos sexos;49 Zamora;Tasa de empleo de la población;2018T4;42,97
Ambos sexos;49 Zamora;Tasa de empleo de la población;2017T4;44,07
Ambos sexos;49 Zamora;Tasa de empleo de la población;2016T4;44,17
Ambos sexos;50 Zaragoza;Tasa de actividad;2023T4;59,52
Ambos sexos;50 Zaragoza;Tasa de actividad;2022T4;59,29
Ambos sexos;50 Zaragoza;Tasa de actividad;2021T4;59,11
Ambos sexos;50 Zaragoza;Tasa de actividad;2020T4;59,01
Ambos sexos;50 Zaragoza;Tasa de actividad;2019T4;59,36
Ambos sexos;50 Zaragoza;Tasa de actividad;2018T4;59,80
Ambos sexos;50 Zaragoza;Tasa de actividad;2017T4;59,01
Ambos sexos;50 Zaragoza;Tasa de actividad;2016T4;59,87
Ambos sexos;50 Zaragoza;Tasa de paro de la población;2023T4;7,28
Ambos sexos;50 Zaragoza;Tasa de paro de la población;2022T4;9,67
Ambos sexos;50 Zaragoza;Tasa de paro de la población;2021T4;9,88
Ambos sexos;50 Zaragoza;Tasa de paro de la población;2020T4;12,92
Ambos sexos;50 Zaragoza;Tasa de paro de la población;2019T4;10,13
Ambos sexos;50 Zaragoza;Tasa de paro de la población;2018T4;11,61
Ambos sexos;50 Zaragoza;Tasa de paro de la población;2017T4;12,14
Ambos sexos;50 Zaragoza;Tasa de paro de la población;2016T4;13,95
Ambos sexos;50 Zaragoza;Tasa de empleo de la población;2023T4;55,19
Ambos sexos;50 Zaragoza;Tasa de empleo de la población;2022T4;53,56
Ambos sexos;50 Zaragoza;Tasa de empleo de la población;2021T4;53,27
Ambos sexos;50 Zaragoza;Tasa de empleo de la población;2020T4;51,38
Ambos sexos;50 Zaragoza;Tasa de empleo de la población;2019T4;53,34
Ambos sexos;50 Zaragoza;Tasa de empleo de la población;2018T4;52,85
Ambos sexos;50 Zaragoza;Tasa de empleo de la población;2017T4;51,85
Ambos sexos;50 Zaragoza;Tasa de empleo de la población;2016T4;51,52
Ambos sexos;51 Ceuta;Tasa de actividad;2023T4;59,89
Ambos sexos;51 Ceuta;Tasa de actividad;2022T4;62,18
Ambos sexos;51 Ceuta;Tasa de actividad;2021T4;55,87
Ambos sexos;51 Ceuta;Tasa de actividad;2020T4;56,05
Ambos sexos;51 Ceuta;Tasa de actividad;2019T4;58,82
Ambos sexos;51 Ceuta;Tasa de actividad;2018T4;55,40
Ambos sexos;51 Ceuta;Tasa de actividad;2017T4;56,95
Ambos sexos;51 Ceuta;Tasa de actividad;2016T4;55,29
Ambos sexos;51 Ceuta;Tasa de paro de la población;2023T4;32,66
Ambos sexos;51 Ceuta;Tasa de paro de la población;2022T4;33,34
Ambos sexos;51 Ceuta;Tasa de paro de la población;2021T4;31,17
Ambos sexos;51 Ceuta;Tasa de paro de la población;2020T4;26,74
Ambos sexos;51 Ceuta;Tasa de paro de la población;2019T4;27,58
Ambos sexos;51 Ceuta;Tasa de paro de la población;2018T4;24,02
Ambos sexos;51 Ceuta;Tasa de paro de la población;2017T4;26,03
Ambos sexos;51 Ceuta;Tasa de paro de la población;2016T4;22,39
Ambos sexos;51 Ceuta;Tasa de empleo de la población;2023T4;40,33
Ambos sexos;51 Ceuta;Tasa de empleo de la población;2022T4;41,45
Ambos sexos;51 Ceuta;Tasa de empleo de la población;2021T4;38,46
Ambos sexos;51 Ceuta;Tasa de empleo de la población;2020T4;41,07
Ambos sexos;51 Ceuta;Tasa de empleo de la población;2019T4;42,59
Ambos sexos;51 Ceuta;Tasa de empleo de la población;2018T4;42,09
Ambos sexos;51 Ceuta;Tasa de empleo de la población;2017T4;42,12
Ambos sexos;51 Ceuta;Tasa de empleo de la población;2016T4;42,91
Ambos sexos;52 Melilla;Tasa de actividad;2023T4;56,30
Ambos sexos;52 Melilla;Tasa de actividad;2022T4;55,22
Ambos sexos;52 Melilla;Tasa de actividad;2021T4;61,88
Ambos sexos;52 Melilla;Tasa de actividad;2020T4;65,54
Ambos sexos;52 Melilla;Tasa de actividad;2019T4;58,08
Ambos sexos;52 Melilla;Tasa de actividad;2018T4;62,03
Ambos sexos;52 Melilla;Tasa de actividad;2017T4;60,72
Ambos sexos;52 Melilla;Tasa de actividad;2016T4;59,85
Ambos sexos;52 Melilla;Tasa de paro de la población;2023T4;29,57
Ambos sexos;52 Melilla;Tasa de paro de la población;2022T4;26,15
Ambos sexos;52 Melilla;Tasa de paro de la población;2021T4;26,51
Ambos sexos;52 Melilla;Tasa de paro de la población;2020T4;23,83
Ambos sexos;52 Melilla;Tasa de paro de la población;2019T4;26,81
Ambos sexos;52 Melilla;Tasa de paro de la población;2018T4;23,85
Ambos sexos;52 Melilla;Tasa de paro de la población;2017T4;24,62
Ambos sexos;52 Melilla;Tasa de paro de la población;2016T4;27,38
Ambos sexos;52 Melilla;Tasa de empleo de la población;2023T4;39,65
Ambos sexos;52 Melilla;Tasa de empleo de la población;2022T4;40,78
Ambos sexos;52 Melilla;Tasa de empleo de la población;2021T4;45,47
Ambos sexos;52 Melilla;Tasa de empleo de la población;2020T4;49,93
Ambos sexos;52 Melilla;Tasa de empleo de la población;2019T4;42,51
Ambos sexos;52 Melilla;Tasa de empleo de la población;2018T4;47,23
Ambos sexos;52 Melilla;Tasa de empleo de la población;2017T4;45,77
Ambos sexos;52 Melilla;Tasa de empleo de la población;2016T4;43,46
